Date,Time,Timestamp,Day of week,Hour,Quarter,Month,Day of year,Day of month,Week of year,Temperature,Weather Condition,Humidity,Wind Speed,Pressure,is_lunch_break,is_class_time,1204,412,1203,421,422
2019-01-07,7:00,2019-01-07 07:00,1,7,1,1,7,7,2,25,Fair,0.89,3.00,29.90,NO,NO,0,0,1,0,0
2019-01-07,8:00,2019-01-07 08:00,1,8,1,1,7,7,2,25,Fair,0.83,5.00,29.93,NO,NO,2,0,0,1,0
2019-01-07,9:00,2019-01-07 09:00,1,9,1,1,7,7,2,26,Fair,0.83,5.00,29.93,NO,YES,0,1,0,0,0
2019-01-07,10:00,2019-01-07 10:00,1,10,1,1,7,7,2,28,Fair,0.79,7.00,29.96,NO,YES,0,0,0,0,0
2019-01-07,11:00,2019-01-07 11:00,1,11,1,1,7,7,2,30,Fair,0.70,12.00,29.93,NO,YES,1,0,0,0,0
2019-01-07,12:00,2019-01-07 12:00,1,12,1,1,7,7,2,31,Fair,0.66,10.00,29.90,YES,NO,1,2,1,0,0
2019-01-07,13:00,2019-01-07 13:00,1,13,1,1,7,7,2,31,Fair,0.66,8.00,29.87,NO,YES,1,0,0,0,0
2019-01-07,14:00,2019-01-07 14:00,1,14,1,1,7,7,2,32,Fair,0.62,9.00,29.84,NO,YES,0,1,0,0,0
2019-01-07,15:00,2019-01-07 15:00,1,15,1,1,7,7,2,32,Fair,0.62,9.00,29.81,NO,YES,0,0,0,1,0
2019-01-07,16:00,2019-01-07 16:00,1,16,1,1,7,7,2,32,Fair,0.62,7.00,29.81,NO,NO,0,0,0,0,0
2019-01-07,17:00,2019-01-07 17:00,1,17,1,1,7,7,2,32,Fair,0.59,8.00,29.81,NO,NO,0,0,0,0,0
2019-01-07,18:00,2019-01-07 18:00,1,18,1,1,7,7,2,31,Fair,0.62,5.00,29.84,NO,NO,0,0,0,0,0
2019-01-07,19:00,2019-01-07 19:00,1,19,1,1,7,7,2,30,Fair,0.70,2.00,29.87,NO,NO,0,0,0,0,0
2019-01-07,20:00,2019-01-07 20:00,1,20,1,1,7,7,2,30,Fair,0.66,0.00,29.87,NO,NO,0,0,0,0,0
2019-01-08,7:00,2019-01-08 07:00,2,7,1,1,8,8,2,25,Fair,0.89,3.00,29.90,NO,NO,0,0,0,0,0
2019-01-08,8:00,2019-01-08 08:00,2,8,1,1,8,8,2,25,Fair,0.83,5.00,29.93,NO,NO,1,0,1,0,0
2019-01-08,9:00,2019-01-08 09:00,2,9,1,1,8,8,2,26,Fair,0.83,5.00,29.93,NO,YES,2,0,1,0,0
2019-01-08,10:00,2019-01-08 10:00,2,10,1,1,8,8,2,28,Fair,0.79,7.00,29.96,NO,YES,0,0,0,0,0
2019-01-08,11:00,2019-01-08 11:00,2,11,1,1,8,8,2,30,Fair,0.70,12.00,29.93,NO,YES,0,0,0,1,1
2019-01-08,12:00,2019-01-08 12:00,2,12,1,1,8,8,2,31,Fair,0.66,10.00,29.90,YES,NO,0,0,0,0,0
2019-01-08,13:00,2019-01-08 13:00,2,13,1,1,8,8,2,31,Fair,0.66,8.00,29.87,NO,YES,0,1,0,0,0
2019-01-08,14:00,2019-01-08 14:00,2,14,1,1,8,8,2,32,Fair,0.62,9.00,29.84,NO,YES,0,2,0,0,0
2019-01-08,15:00,2019-01-08 15:00,2,15,1,1,8,8,2,32,Fair,0.62,9.00,29.81,NO,YES,1,0,0,1,1
2019-01-08,16:00,2019-01-08 16:00,2,16,1,1,8,8,2,32,Fair,0.62,7.00,29.81,NO,NO,0,0,1,0,0
2019-01-08,17:00,2019-01-08 17:00,2,17,1,1,8,8,2,32,Fair,0.59,8.00,29.81,NO,NO,0,0,0,0,0
2019-01-08,18:00,2019-01-08 18:00,2,18,1,1,8,8,2,31,Fair,0.62,5.00,29.84,NO,NO,0,0,0,0,0
2019-01-08,19:00,2019-01-08 19:00,2,19,1,1,8,8,2,30,Fair,0.70,2.00,29.87,NO,NO,0,0,0,0,0
2019-01-08,20:00,2019-01-08 20:00,2,20,1,1,8,8,2,30,Fair,0.66,0.00,29.87,NO,NO,0,0,0,0,0
2019-01-09,7:00,2019-01-09 07:00,3,7,1,1,9,9,2,24,Fair,1.00,3.00,29.93,NO,NO,0,0,1,0,0
2019-01-09,8:00,2019-01-09 08:00,3,8,1,1,9,9,2,25,Fog,1.00,3.00,29.93,NO,NO,0,0,0,0,0
2019-01-09,9:00,2019-01-09 09:00,3,9,1,1,9,9,2,26,Partly Cloudy,0.94,3.00,29.96,NO,YES,0,0,0,0,0
2019-01-09,10:00,2019-01-09 10:00,3,10,1,1,9,9,2,27,Fair,0.94,2.00,29.96,NO,YES,0,0,0,0,0
2019-01-09,11:00,2019-01-09 11:00,3,11,1,1,9,9,2,29,Fair,0.79,0.00,29.96,NO,YES,0,0,0,1,1
2019-01-09,12:00,2019-01-09 12:00,3,12,1,1,9,9,2,30,Partly Cloudy,0.70,5.00,29.93,YES,NO,0,0,0,0,0
2019-01-09,13:00,2019-01-09 13:00,3,13,1,1,9,9,2,30,Partly Cloudy,0.70,6.00,29.90,NO,YES,0,0,0,0,0
2019-01-09,14:00,2019-01-09 14:00,3,14,1,1,9,9,2,31,Partly Cloudy,0.66,6.00,29.84,NO,YES,0,0,0,1,0
2019-01-09,15:00,2019-01-09 15:00,3,15,1,1,9,9,2,30,Showers in the Vicinity,0.70,3.00,29.84,NO,YES,0,0,0,0,0
2019-01-09,16:00,2019-01-09 16:00,3,16,1,1,9,9,2,27,Light Rain,0.89,8.00,29.84,NO,NO,0,0,0,0,0
2019-01-09,17:00,2019-01-09 17:00,3,17,1,1,9,9,2,29,Mostly Cloudy,0.79,5.00,29.87,NO,NO,0,1,0,0,0
2019-01-09,18:00,2019-01-09 18:00,3,18,1,1,9,9,2,29,Mostly Cloudy,0.74,5.00,29.87,NO,NO,0,0,0,0,0
2019-01-09,19:00,2019-01-09 19:00,3,19,1,1,9,9,2,28,Mostly Cloudy,0.79,6.00,29.87,NO,NO,0,0,0,0,0
2019-01-09,20:00,2019-01-09 20:00,3,20,1,1,9,9,2,28,Fair,0.84,6.00,29.90,NO,NO,0,0,0,0,0
2019-01-10,7:00,2019-01-10 07:00,4,7,1,1,10,10,2,25,Fair,0.94,0.00,29.90,NO,NO,0,0,1,0,0
2019-01-10,8:00,2019-01-10 08:00,4,8,1,1,10,10,2,25,Fog,1.00,3.00,29.93,NO,NO,1,0,0,0,0
2019-01-10,9:00,2019-01-10 09:00,4,9,1,1,10,10,2,27,Fog,0.94,5.00,29.96,NO,YES,1,0,3,0,0
2019-01-10,10:00,2019-01-10 10:00,4,10,1,1,10,10,2,28,Partly Cloudy,0.84,5.00,29.93,NO,YES,0,0,0,0,0
2019-01-10,11:00,2019-01-10 11:00,4,11,1,1,10,10,2,30,Partly Cloudy,0.74,5.00,29.93,NO,YES,0,0,0,0,0
2019-01-10,12:00,2019-01-10 12:00,4,12,1,1,10,10,2,31,Partly Cloudy,0.62,5.00,29.90,YES,NO,0,0,0,0,0
2019-01-10,13:00,2019-01-10 13:00,4,13,1,1,10,10,2,32,Partly Cloudy,0.55,7.00,29.87,NO,YES,0,0,0,2,1
2019-01-10,14:00,2019-01-10 14:00,4,14,1,1,10,10,2,32,Fair,0.55,7.00,29.84,NO,YES,1,1,0,0,1
2019-01-10,15:00,2019-01-10 15:00,4,15,1,1,10,10,2,32,Fair,0.59,8.00,29.84,NO,YES,1,2,0,0,1
2019-01-10,16:00,2019-01-10 16:00,4,16,1,1,10,10,2,32,Fair,0.55,7.00,29.84,NO,NO,0,1,0,0,1
2019-01-10,17:00,2019-01-10 17:00,4,17,1,1,10,10,2,31,Fair,0.58,5.00,29.84,NO,NO,0,0,0,0,0
2019-01-10,18:00,2019-01-10 18:00,4,18,1,1,10,10,2,31,Fair,0.62,5.00,29.84,NO,NO,0,0,0,0,0
2019-01-10,19:00,2019-01-10 19:00,4,19,1,1,10,10,2,30,Fair,0.66,3.00,29.87,NO,NO,0,0,0,0,0
2019-01-10,20:00,2019-01-10 20:00,4,20,1,1,10,10,2,29,Fair,0.70,2.00,29.90,NO,NO,0,0,0,0,0
2019-01-11,7:00,2019-01-11 07:00,5,7,1,1,11,11,2,26,Fog,0.89,3.00,29.90,NO,NO,0,0,1,0,0
2019-01-11,8:00,2019-01-11 08:00,5,8,1,1,11,11,2,26,Fog,0.94,0.00,29.93,NO,NO,1,0,0,0,0
2019-01-11,9:00,2019-01-11 09:00,5,9,1,1,11,11,2,28,Fog,0.79,0.00,29.96,NO,YES,3,0,1,0,0
2019-01-11,10:00,2019-01-11 10:00,5,10,1,1,11,11,2,29,Fog,0.74,5.00,29.96,NO,YES,0,0,0,0,0
2019-01-11,11:00,2019-01-11 11:00,5,11,1,1,11,11,2,31,Haze,0.62,6.00,29.96,NO,YES,1,1,0,0,0
2019-01-11,12:00,2019-01-11 12:00,5,12,1,1,11,11,2,32,Fair,0.59,5.00,29.93,YES,NO,2,0,0,0,0
2019-01-11,13:00,2019-01-11 13:00,5,13,1,1,11,11,2,33,Fair,0.49,12.00,29.87,NO,YES,0,0,0,0,0
2019-01-11,14:00,2019-01-11 14:00,5,14,1,1,11,11,2,33,Fair,0.52,9.00,29.84,NO,YES,0,0,1,0,0
2019-01-11,15:00,2019-01-11 15:00,5,15,1,1,11,11,2,33,Fair,0.52,7.00,29.81,NO,YES,0,0,0,0,0
2019-01-11,16:00,2019-01-11 16:00,5,16,1,1,11,11,2,33,Fair,0.52,6.00,29.81,NO,NO,0,0,0,0,0
2019-01-11,17:00,2019-01-11 17:00,5,17,1,1,11,11,2,32,Fair,0.55,3.00,29.81,NO,NO,0,0,0,0,0
2019-01-11,18:00,2019-01-11 18:00,5,18,1,1,11,11,2,32,Fair,0.55,3.00,29.84,NO,NO,0,0,0,0,0
2019-01-11,19:00,2019-01-11 19:00,5,19,1,1,11,11,2,30,Fair,0.62,0.00,29.84,NO,NO,0,0,0,0,0
2019-01-11,20:00,2019-01-11 20:00,5,20,1,1,11,11,2,30,Fair,0.62,0.00,29.87,NO,NO,0,0,0,0,0
2019-01-14,7:00,2019-01-14 07:00,1,7,1,1,14,14,3,26,Fog,0.89,2.00,29.84,NO,NO,0,0,1,0,0
2019-01-14,8:00,2019-01-14 08:00,1,8,1,1,14,14,3,27,Fog,0.89,0.00,29.87,NO,NO,0,0,0,0,0
2019-01-14,9:00,2019-01-14 09:00,1,9,1,1,14,14,3,28,Fog,0.84,5.00,29.90,NO,YES,0,0,0,0,0
2019-01-14,10:00,2019-01-14 10:00,1,10,1,1,14,14,3,30,Fog,0.74,5.00,29.90,NO,YES,0,0,1,0,0
2019-01-14,11:00,2019-01-14 11:00,1,11,1,1,14,14,3,31,Fair,0.62,5.00,29.87,NO,YES,0,0,0,0,0
2019-01-14,12:00,2019-01-14 12:00,1,12,1,1,14,14,3,32,Fair,0.59,7.00,29.84,YES,NO,0,0,1,0,0
2019-01-14,13:00,2019-01-14 13:00,1,13,1,1,14,14,3,33,Fair,0.52,9.00,29.81,NO,YES,0,0,0,0,0
2019-01-14,14:00,2019-01-14 14:00,1,14,1,1,14,14,3,33,Fair,0.52,7.00,29.79,NO,YES,0,0,0,0,0
2019-01-14,15:00,2019-01-14 15:00,1,15,1,1,14,14,3,34,Fair,0.46,7.00,29.76,NO,YES,0,0,0,0,0
2019-01-14,16:00,2019-01-14 16:00,1,16,1,1,14,14,3,34,Fair,0.46,7.00,29.76,NO,NO,0,0,0,0,0
2019-01-14,17:00,2019-01-14 17:00,1,17,1,1,14,14,3,33,Fair,0.49,5.00,29.79,NO,NO,0,0,0,0,0
2019-01-14,18:00,2019-01-14 18:00,1,18,1,1,14,14,3,32,Fair,0.52,5.00,29.79,NO,NO,0,0,0,0,0
2019-01-14,19:00,2019-01-14 19:00,1,19,1,1,14,14,3,32,Fair,0.52,3.00,29.81,NO,NO,0,0,0,0,0
2019-01-14,20:00,2019-01-14 20:00,1,20,1,1,14,14,3,31,Fair,0.62,6.00,29.81,NO,NO,0,0,0,0,0
2019-01-15,7:00,2019-01-15 07:00,2,7,1,1,15,15,3,26,Fog,0.94,6.00,29.84,NO,NO,0,0,0,0,0
2019-01-15,8:00,2019-01-15 08:00,2,8,1,1,15,15,3,26,Fog,0.94,8.00,29.87,NO,NO,0,0,0,0,0
2019-01-15,9:00,2019-01-15 09:00,2,9,1,1,15,15,3,27,Fog,0.89,6.00,29.90,NO,YES,0,0,1,0,0
2019-01-15,10:00,2019-01-15 10:00,2,10,1,1,15,15,3,29,Fog,0.84,3.00,29.90,NO,YES,1,0,0,0,0
2019-01-15,11:00,2019-01-15 11:00,2,11,1,1,15,15,3,30,Partly Cloudy,0.79,0.00,29.90,NO,YES,1,0,0,0,0
2019-01-15,12:00,2019-01-15 12:00,2,12,1,1,15,15,3,31,Partly Cloudy,0.70,3.00,29.87,YES,NO,0,0,0,0,0
2019-01-15,13:00,2019-01-15 13:00,2,13,1,1,15,15,3,32,Fair,0.55,6.00,29.84,NO,YES,1,0,0,0,0
2019-01-15,14:00,2019-01-15 14:00,2,14,1,1,15,15,3,32,Fair,0.59,5.00,29.81,NO,YES,0,0,1,0,1
2019-01-15,15:00,2019-01-15 15:00,2,15,1,1,15,15,3,32,Partly Cloudy,0.59,5.00,29.79,NO,YES,0,0,0,0,0
2019-01-15,16:00,2019-01-15 16:00,2,16,1,1,15,15,3,32,Partly Cloudy,0.55,6.00,29.79,NO,NO,0,1,0,0,0
2019-01-15,17:00,2019-01-15 17:00,2,17,1,1,15,15,3,32,Partly Cloudy,0.59,6.00,29.79,NO,NO,0,0,0,0,0
2019-01-15,18:00,2019-01-15 18:00,2,18,1,1,15,15,3,31,Fair,0.58,5.00,29.79,NO,NO,0,0,0,0,0
2019-01-15,19:00,2019-01-15 19:00,2,19,1,1,15,15,3,30,Fair,0.62,3.00,29.81,NO,NO,0,0,0,0,0
2019-01-15,20:00,2019-01-15 20:00,2,20,1,1,15,15,3,30,Fair,0.62,3.00,29.84,NO,NO,0,0,0,0,0
2019-01-16,7:00,2019-01-16 07:00,3,7,1,1,16,16,3,27,Fair,0.84,0.00,29.84,NO,NO,0,0,1,0,0
2019-01-16,8:00,2019-01-16 08:00,3,8,1,1,16,16,3,27,Fair,0.89,6.00,29.87,NO,NO,0,0,0,0,0
2019-01-16,9:00,2019-01-16 09:00,3,9,1,1,16,16,3,28,Fog,0.84,5.00,29.90,NO,YES,1,0,0,0,0
2019-01-16,10:00,2019-01-16 10:00,3,10,1,1,16,16,3,29,Fair,0.74,6.00,29.90,NO,YES,0,0,0,0,0
2019-01-16,11:00,2019-01-16 11:00,3,11,1,1,16,16,3,30,Partly Cloudy,0.62,6.00,29.90,NO,YES,0,0,1,0,0
2019-01-16,12:00,2019-01-16 12:00,3,12,1,1,16,16,3,31,Fair,0.55,7.00,29.87,YES,NO,0,0,0,0,0
2019-01-16,13:00,2019-01-16 13:00,3,13,1,1,16,16,3,32,Fair,0.55,6.00,29.84,NO,YES,0,0,0,0,0
2019-01-16,14:00,2019-01-16 14:00,3,14,1,1,16,16,3,33,Fair,0.43,8.00,29.84,NO,YES,0,1,0,0,0
2019-01-16,15:00,2019-01-16 15:00,3,15,1,1,16,16,3,32,Fair,0.46,8.00,29.81,NO,YES,0,2,0,0,0
2019-01-16,16:00,2019-01-16 16:00,3,16,1,1,16,16,3,32,Fair,0.46,7.00,29.79,NO,NO,1,0,0,0,0
2019-01-16,17:00,2019-01-16 17:00,3,17,1,1,16,16,3,32,Fair,0.46,7.00,29.81,NO,NO,0,0,0,0,0
2019-01-16,18:00,2019-01-16 18:00,3,18,1,1,16,16,3,31,Fair,0.49,6.00,29.81,NO,NO,0,0,0,0,0
2019-01-16,19:00,2019-01-16 19:00,3,19,1,1,16,16,3,30,Fair,0.55,3.00,29.81,NO,NO,0,0,0,0,0
2019-01-16,20:00,2019-01-16 20:00,3,20,1,1,16,16,3,29,Fair,0.58,2.00,29.84,NO,NO,0,0,0,0,0
2019-01-17,7:00,2019-01-17 07:00,4,7,1,1,17,17,3,25,Fair,0.74,2.00,29.87,NO,NO,0,0,0,0,0
2019-01-17,8:00,2019-01-17 08:00,4,8,1,1,17,17,3,26,Fair,0.65,7.00,29.90,NO,NO,0,0,0,0,0
2019-01-17,9:00,2019-01-17 09:00,4,9,1,1,17,17,3,28,Fair,0.58,9.00,29.93,NO,YES,0,0,0,0,0
2019-01-17,10:00,2019-01-17 10:00,4,10,1,1,17,17,3,30,Fair,0.51,8.00,29.93,NO,YES,2,0,0,0,0
2019-01-17,11:00,2019-01-17 11:00,4,11,1,1,17,17,3,31,Fair,0.52,9.00,29.90,NO,YES,0,0,0,0,0
2019-01-17,12:00,2019-01-17 12:00,4,12,1,1,17,17,3,31,Fair,0.52,10.00,29.90,YES,NO,0,0,0,0,1
2019-01-17,13:00,2019-01-17 13:00,4,13,1,1,17,17,3,32,Fair,0.49,14.00,29.87,NO,YES,1,0,1,0,0
2019-01-17,14:00,2019-01-17 14:00,4,14,1,1,17,17,3,32,Fair,0.49,9.00,29.84,NO,YES,0,0,0,0,0
2019-01-17,15:00,2019-01-17 15:00,4,15,1,1,17,17,3,32,Fair,0.49,6.00,29.81,NO,YES,0,0,0,0,0
2019-01-17,16:00,2019-01-17 16:00,4,16,1,1,17,17,3,32,Fair,0.49,8.00,29.79,NO,NO,0,0,0,0,0
2019-01-17,17:00,2019-01-17 17:00,4,17,1,1,17,17,3,32,Fair,0.49,6.00,29.81,NO,NO,0,0,0,0,0
2019-01-17,18:00,2019-01-17 18:00,4,18,1,1,17,17,3,31,Fair,0.55,5.00,29.81,NO,NO,0,1,0,0,0
2019-01-17,19:00,2019-01-17 19:00,4,19,1,1,17,17,3,30,Fair,0.58,8.00,29.84,NO,NO,0,0,0,0,0
2019-01-17,20:00,2019-01-17 20:00,4,20,1,1,17,17,3,29,Fair,0.62,6.00,29.84,NO,NO,0,0,0,0,0
2019-01-18,7:00,2019-01-18 07:00,5,7,1,1,18,18,3,25,Partly Cloudy,0.69,7.00,29.90,NO,NO,0,0,0,0,0
2019-01-18,8:00,2019-01-18 08:00,5,8,1,1,18,18,3,25,Partly Cloudy,0.69,8.00,29.93,NO,NO,1,0,0,0,0
2019-01-18,9:00,2019-01-18 09:00,5,9,1,1,18,18,3,26,Fair,0.61,9.00,29.96,NO,YES,0,0,0,0,0
2019-01-18,10:00,2019-01-18 10:00,5,10,1,1,18,18,3,27,Fair,0.58,9.00,29.96,NO,YES,1,0,0,0,0
2019-01-18,11:00,2019-01-18 11:00,5,11,1,1,18,18,3,28,Fair,0.54,10.00,29.96,NO,YES,0,0,0,0,0
2019-01-18,12:00,2019-01-18 12:00,5,12,1,1,18,18,3,29,Fair,0.55,10.00,29.96,YES,NO,0,1,0,0,0
2019-01-18,13:00,2019-01-18 13:00,5,13,1,1,18,18,3,30,Fair,0.55,9.00,29.90,NO,YES,0,0,0,0,0
2019-01-18,14:00,2019-01-18 14:00,5,14,1,1,18,18,3,29,Fair,0.58,6.00,29.87,NO,YES,1,1,1,0,0
2019-01-18,15:00,2019-01-18 15:00,5,15,1,1,18,18,3,29,Fair,0.58,9.00,29.84,NO,YES,0,0,0,0,0
2019-01-18,16:00,2019-01-18 16:00,5,16,1,1,18,18,3,29,Fair,0.58,10.00,29.84,NO,NO,0,0,0,0,0
2019-01-18,17:00,2019-01-18 17:00,5,17,1,1,18,18,3,28,Fair,0.58,12.00,29.84,NO,NO,0,0,0,0,0
2019-01-18,18:00,2019-01-18 18:00,5,18,1,1,18,18,3,27,Fair,0.61,9.00,29.87,NO,NO,0,0,0,0,0
2019-01-18,19:00,2019-01-18 19:00,5,19,1,1,18,18,3,26,Fair,0.65,9.00,29.87,NO,NO,0,0,0,0,0
2019-01-18,20:00,2019-01-18 20:00,5,20,1,1,18,18,3,25,Fair,0.74,7.00,29.90,NO,NO,0,0,0,0,0
2019-01-21,7:00,2019-01-21 07:00,1,7,1,1,21,21,4,24,Fog,0.89,3.00,29.90,NO,NO,0,0,1,0,0
2019-01-21,8:00,2019-01-21 08:00,1,8,1,1,21,21,4,26,Fog,0.89,5.00,29.93,NO,NO,2,0,1,0,0
2019-01-21,9:00,2019-01-21 09:00,1,9,1,1,21,21,4,27,Fog,0.84,6.00,29.96,NO,YES,1,0,0,0,0
2019-01-21,10:00,2019-01-21 10:00,1,10,1,1,21,21,4,29,Fog,0.74,6.00,29.96,NO,YES,0,0,0,0,0
2019-01-21,11:00,2019-01-21 11:00,1,11,1,1,21,21,4,31,Fair,0.62,8.00,29.93,NO,YES,0,0,0,1,0
2019-01-21,12:00,2019-01-21 12:00,1,12,1,1,21,21,4,32,Fair,0.55,7.00,29.90,YES,NO,1,0,0,0,0
2019-01-21,13:00,2019-01-21 13:00,1,13,1,1,21,21,4,33,Fair,0.49,7.00,29.87,NO,YES,0,1,0,0,0
2019-01-21,14:00,2019-01-21 14:00,1,14,1,1,21,21,4,33,Fair,0.49,8.00,29.84,NO,YES,0,0,0,0,0
2019-01-21,15:00,2019-01-21 15:00,1,15,1,1,21,21,4,32,Fair,0.52,8.00,29.81,NO,YES,0,1,0,1,0
2019-01-21,16:00,2019-01-21 16:00,1,16,1,1,21,21,4,33,Fair,0.49,7.00,29.81,NO,NO,0,1,0,0,0
2019-01-21,17:00,2019-01-21 17:00,1,17,1,1,21,21,4,32,Fair,0.49,6.00,29.81,NO,NO,0,0,0,0,0
2019-01-21,18:00,2019-01-21 18:00,1,18,1,1,21,21,4,32,Fair,0.49,6.00,29.84,NO,NO,0,0,0,0,0
2019-01-21,19:00,2019-01-21 19:00,1,19,1,1,21,21,4,31,Fair,0.52,5.00,29.84,NO,NO,0,0,0,0,0
2019-01-21,20:00,2019-01-21 20:00,1,20,1,1,21,21,4,30,Fair,0.55,0.00,29.87,NO,NO,0,0,0,0,0
2019-01-22,7:00,2019-01-22 07:00,2,7,1,1,22,22,4,25,Fair,0.74,6.00,29.93,NO,NO,1,0,1,0,0
2019-01-22,8:00,2019-01-22 08:00,2,8,1,1,22,22,4,26,Fair,0.65,8.00,29.96,NO,NO,2,0,1,0,0
2019-01-22,9:00,2019-01-22 09:00,2,9,1,1,22,22,4,26,Fair,0.65,10.00,29.99,NO,YES,0,0,0,0,0
2019-01-22,10:00,2019-01-22 10:00,2,10,1,1,22,22,4,28,Fair,0.58,10.00,29.99,NO,YES,0,0,0,0,0
2019-01-22,11:00,2019-01-22 11:00,2,11,1,1,22,22,4,29,Fair,0.55,13.00,29.99,NO,YES,0,0,1,0,0
2019-01-22,12:00,2019-01-22 12:00,2,12,1,1,22,22,4,31,Fair,0.46,15.00,29.96,YES,NO,0,1,0,0,0
2019-01-22,13:00,2019-01-22 13:00,2,13,1,1,22,22,4,31,Fair,0.46,13.00,29.93,NO,YES,0,0,0,0,0
2019-01-22,14:00,2019-01-22 14:00,2,14,1,1,22,22,4,31,Fair,0.46,10.00,29.90,NO,YES,0,0,0,0,0
2019-01-22,15:00,2019-01-22 15:00,2,15,1,1,22,22,4,32,Fair,0.43,9.00,29.87,NO,YES,0,1,0,0,0
2019-01-22,16:00,2019-01-22 16:00,2,16,1,1,22,22,4,32,Fair,0.43,10.00,29.84,NO,NO,0,1,0,1,0
2019-01-22,17:00,2019-01-22 17:00,2,17,1,1,22,22,4,31,Fair,0.46,8.00,29.87,NO,NO,0,0,0,0,0
2019-01-22,18:00,2019-01-22 18:00,2,18,1,1,22,22,4,30,Fair,0.48,5.00,29.87,NO,NO,0,0,0,1,0
2019-01-22,19:00,2019-01-22 19:00,2,19,1,1,22,22,4,29,Fair,0.51,3.00,29.87,NO,NO,0,0,0,0,0
2019-01-22,20:00,2019-01-22 20:00,2,20,1,1,22,22,4,29,Fair,0.58,8.00,29.90,NO,NO,0,0,0,0,0
2019-01-23,7:00,2019-01-23 07:00,3,7,1,1,23,23,4,22,Fair,0.78,0.00,29.96,NO,NO,1,0,1,0,0
2019-01-23,8:00,2019-01-23 08:00,3,8,1,1,23,23,4,25,Fair,0.65,5.00,29.96,NO,NO,1,0,2,0,0
2019-01-23,9:00,2019-01-23 09:00,3,9,1,1,23,23,4,26,Fair,0.57,10.00,29.99,NO,YES,1,0,0,0,0
2019-01-23,10:00,2019-01-23 10:00,3,10,1,1,23,23,4,27,Fair,0.58,13.00,29.99,NO,YES,1,0,0,0,0
2019-01-23,11:00,2019-01-23 11:00,3,11,1,1,23,23,4,29,Fair,0.51,15.00,29.99,NO,YES,1,0,1,0,0
2019-01-23,12:00,2019-01-23 12:00,3,12,1,1,23,23,4,30,Fair,0.48,17.00,29.96,YES,NO,0,0,1,1,0
2019-01-23,13:00,2019-01-23 13:00,3,13,1,1,23,23,4,31,Fair,0.46,13.00,29.93,NO,YES,0,0,0,0,0
2019-01-23,14:00,2019-01-23 14:00,3,14,1,1,23,23,4,31,Fair,0.43,10.00,29.87,NO,YES,0,0,0,0,0
2019-01-23,15:00,2019-01-23 15:00,3,15,1,1,23,23,4,31,Fair,0.43,9.00,29.87,NO,YES,0,0,0,0,0
2019-01-23,16:00,2019-01-23 16:00,3,16,1,1,23,23,4,32,Fair,0.43,7.00,29.84,NO,NO,0,0,0,0,0
2019-01-23,17:00,2019-01-23 17:00,3,17,1,1,23,23,4,31,Fair,0.43,5.00,29.84,NO,NO,0,0,0,0,0
2019-01-23,18:00,2019-01-23 18:00,3,18,1,1,23,23,4,31,Fair,0.43,5.00,29.87,NO,NO,0,1,0,0,0
2019-01-23,19:00,2019-01-23 19:00,3,19,1,1,23,23,4,30,Fair,0.45,3.00,29.87,NO,NO,0,0,0,0,0
2019-01-23,20:00,2019-01-23 20:00,3,20,1,1,23,23,4,28,Fair,0.58,8.00,29.90,NO,NO,0,0,0,0,0
2019-01-24,7:00,2019-01-24 07:00,4,7,1,1,24,24,4,22,Fair,0.69,0.00,29.93,NO,NO,0,0,1,0,0
2019-01-24,8:00,2019-01-24 08:00,4,8,1,1,24,24,4,24,Fair,0.61,5.00,29.96,NO,NO,1,0,1,0,0
2019-01-24,9:00,2019-01-24 09:00,4,9,1,1,24,24,4,26,Fair,0.51,5.00,29.99,NO,YES,0,0,1,0,0
2019-01-24,10:00,2019-01-24 10:00,4,10,1,1,24,24,4,28,Fair,0.48,7.00,29.99,NO,YES,0,0,0,0,0
2019-01-24,11:00,2019-01-24 11:00,4,11,1,1,24,24,4,30,Fair,0.40,10.00,29.99,NO,YES,0,0,0,2,0
2019-01-24,12:00,2019-01-24 12:00,4,12,1,1,24,24,4,32,Fair,0.29,14.00,29.96,YES,NO,0,0,0,1,0
2019-01-24,13:00,2019-01-24 13:00,4,13,1,1,24,24,4,32,Fair,0.29,10.00,29.90,NO,YES,0,0,0,0,0
2019-01-24,14:00,2019-01-24 14:00,4,14,1,1,24,24,4,32,Fair,0.27,8.00,29.87,NO,YES,0,1,0,0,0
2019-01-24,15:00,2019-01-24 15:00,4,15,1,1,24,24,4,33,Fair,0.26,7.00,29.87,NO,YES,0,1,0,1,2
2019-01-24,16:00,2019-01-24 16:00,4,16,1,1,24,24,4,32,Fair,0.29,5.00,29.84,NO,NO,0,0,0,0,0
2019-01-24,17:00,2019-01-24 17:00,4,17,1,1,24,24,4,31,Fair,0.33,7.00,29.84,NO,NO,0,0,0,0,0
2019-01-24,18:00,2019-01-24 18:00,4,18,1,1,24,24,4,31,Fair,0.31,6.00,29.87,NO,NO,0,0,0,0,0
2019-01-24,19:00,2019-01-24 19:00,4,19,1,1,24,24,4,29,Fair,0.40,2.00,29.87,NO,NO,0,0,0,0,0
2019-01-24,20:00,2019-01-24 20:00,4,20,1,1,24,24,4,27,Fair,0.48,0.00,29.90,NO,NO,0,0,0,0,0
2019-01-25,7:00,2019-01-25 07:00,5,7,1,1,25,25,4,21,Fair,0.83,6.00,29.96,NO,NO,0,0,1,0,0
2019-01-25,8:00,2019-01-25 08:00,5,8,1,1,25,25,4,23,Fair,0.73,5.00,29.99,NO,NO,1,0,0,0,0
2019-01-25,9:00,2019-01-25 09:00,5,9,1,1,25,25,4,25,Fair,0.69,6.00,30.02,NO,YES,0,0,2,0,0
2019-01-25,10:00,2019-01-25 10:00,5,10,1,1,25,25,4,28,Fair,0.62,8.00,30.02,NO,YES,0,0,0,0,2
2019-01-25,11:00,2019-01-25 11:00,5,11,1,1,25,25,4,29,Fair,0.58,7.00,29.99,NO,YES,0,0,0,0,0
2019-01-25,12:00,2019-01-25 12:00,5,12,1,1,25,25,4,31,Fair,0.43,12.00,29.96,YES,NO,0,1,0,0,0
2019-01-25,13:00,2019-01-25 13:00,5,13,1,1,25,25,4,32,Fair,0.36,10.00,29.93,NO,YES,0,0,0,0,0
2019-01-25,14:00,2019-01-25 14:00,5,14,1,1,25,25,4,32,Fair,0.33,9.00,29.90,NO,YES,1,0,1,0,0
2019-01-25,15:00,2019-01-25 15:00,5,15,1,1,25,25,4,33,Fair,0.34,8.00,29.87,NO,YES,0,0,0,0,0
2019-01-25,16:00,2019-01-25 16:00,5,16,1,1,25,25,4,32,Fair,0.33,7.00,29.87,NO,NO,1,1,1,0,0
2019-01-25,17:00,2019-01-25 17:00,5,17,1,1,25,25,4,32,Fair,0.31,6.00,29.87,NO,NO,1,0,0,1,0
2019-01-25,18:00,2019-01-25 18:00,5,18,1,1,25,25,4,32,Fair,0.29,3.00,29.87,NO,NO,0,0,0,0,0
2019-01-25,19:00,2019-01-25 19:00,5,19,1,1,25,25,4,30,Fair,0.35,3.00,29.90,NO,NO,0,0,0,0,0
2019-01-25,20:00,2019-01-25 20:00,5,20,1,1,25,25,4,30,Fair,0.37,2.00,29.90,NO,NO,0,0,0,0,0
2019-01-28,7:00,2019-01-28 07:00,1,7,1,1,28,28,5,21,Fair,0.68,5.00,29.96,NO,NO,0,0,1,0,0
2019-01-28,8:00,2019-01-28 08:00,1,8,1,1,28,28,5,23,Fair,0.65,7.00,29.99,NO,NO,0,0,0,0,0
2019-01-28,9:00,2019-01-28 09:00,1,9,1,1,28,28,5,25,Fair,0.57,6.00,30.02,NO,YES,1,0,0,0,0
2019-01-28,10:00,2019-01-28 10:00,1,10,1,1,28,28,5,27,Fair,0.51,7.00,30.02,NO,YES,0,0,0,0,0
2019-01-28,11:00,2019-01-28 11:00,1,11,1,1,28,28,5,29,Fair,0.45,7.00,29.99,NO,YES,0,1,1,0,1
2019-01-28,12:00,2019-01-28 12:00,1,12,1,1,28,28,5,30,Fair,0.43,7.00,29.99,YES,NO,0,0,1,0,0
2019-01-28,13:00,2019-01-28 13:00,1,13,1,1,28,28,5,31,Fair,0.40,7.00,29.93,NO,YES,1,0,0,0,0
2019-01-28,14:00,2019-01-28 14:00,1,14,1,1,28,28,5,31,Fair,0.40,8.00,29.90,NO,YES,0,0,0,0,0
2019-01-28,15:00,2019-01-28 15:00,1,15,1,1,28,28,5,32,Fair,0.38,5.00,29.87,NO,YES,0,2,1,0,0
2019-01-28,16:00,2019-01-28 16:00,1,16,1,1,28,28,5,32,Fair,0.36,6.00,29.87,NO,NO,0,0,0,1,0
2019-01-28,17:00,2019-01-28 17:00,1,17,1,1,28,28,5,31,Fair,0.38,6.00,29.87,NO,NO,0,0,0,0,0
2019-01-28,18:00,2019-01-28 18:00,1,18,1,1,28,28,5,30,Fair,0.40,6.00,29.87,NO,NO,0,0,0,0,0
2019-01-28,19:00,2019-01-28 19:00,1,19,1,1,28,28,5,29,Fair,0.42,7.00,29.90,NO,NO,0,0,0,0,0
2019-01-28,20:00,2019-01-28 20:00,1,20,1,1,28,28,5,28,Fair,0.48,6.00,29.90,NO,NO,0,0,0,0,0
2019-01-29,7:00,2019-01-29 07:00,2,7,1,1,29,29,5,22,Fog,0.78,3.00,29.93,NO,NO,0,0,1,0,0
2019-01-29,8:00,2019-01-29 08:00,2,8,1,1,29,29,5,23,Fog,0.78,3.00,29.93,NO,NO,2,0,0,0,0
2019-01-29,9:00,2019-01-29 09:00,2,9,1,1,29,29,5,26,Fair,0.57,7.00,29.96,NO,YES,1,0,2,0,0
2019-01-29,10:00,2019-01-29 10:00,2,10,1,1,29,29,5,28,Fair,0.48,3.00,29.96,NO,YES,0,0,0,0,0
2019-01-29,11:00,2019-01-29 11:00,2,11,1,1,29,29,5,30,Fair,0.40,3.00,29.96,NO,YES,0,0,0,0,0
2019-01-29,12:00,2019-01-29 12:00,2,12,1,1,29,29,5,32,Fair,0.36,7.00,29.93,YES,NO,0,0,0,0,0
2019-01-29,13:00,2019-01-29 13:00,2,13,1,1,29,29,5,32,Fair,0.36,6.00,29.90,NO,YES,0,0,0,0,0
2019-01-29,14:00,2019-01-29 14:00,2,14,1,1,29,29,5,33,Fair,0.34,3.00,29.87,NO,YES,1,0,0,0,0
2019-01-29,15:00,2019-01-29 15:00,2,15,1,1,29,29,5,33,Fair,0.34,6.00,29.87,NO,YES,0,0,0,0,0
2019-01-29,16:00,2019-01-29 16:00,2,16,1,1,29,29,5,32,Fair,0.36,5.00,29.84,NO,NO,0,0,0,0,0
2019-01-29,17:00,2019-01-29 17:00,2,17,1,1,29,29,5,32,Fair,0.36,7.00,29.84,NO,NO,0,0,0,0,0
2019-01-29,18:00,2019-01-29 18:00,2,18,1,1,29,29,5,31,Fair,0.38,6.00,29.87,NO,NO,0,0,0,0,0
2019-01-29,19:00,2019-01-29 19:00,2,19,1,1,29,29,5,29,Fair,0.42,5.00,29.90,NO,NO,0,0,0,0,0
2019-01-29,20:00,2019-01-29 20:00,2,20,1,1,29,29,5,29,Fair,0.48,0.00,29.90,NO,NO,0,0,0,0,0
2019-01-30,7:00,2019-01-30 07:00,3,7,1,1,30,30,5,24,Fair,0.69,3.00,29.93,NO,NO,0,0,0,0,0
2019-01-30,8:00,2019-01-30 08:00,3,8,1,1,30,30,5,25,Fair,0.69,7.00,29.96,NO,NO,1,0,1,0,0
2019-01-30,9:00,2019-01-30 09:00,3,9,1,1,30,30,5,26,Haze,0.65,7.00,29.99,NO,YES,1,0,0,0,0
2019-01-30,10:00,2019-01-30 10:00,3,10,1,1,30,30,5,28,Haze,0.54,3.00,29.99,NO,YES,0,0,0,0,0
2019-01-30,11:00,2019-01-30 11:00,3,11,1,1,30,30,5,31,Haze,0.46,0.00,29.96,NO,YES,0,0,0,0,0
2019-01-30,12:00,2019-01-30 12:00,3,12,1,1,30,30,5,32,Partly Cloudy,0.43,3.00,29.93,YES,NO,0,0,0,0,0
2019-01-30,13:00,2019-01-30 13:00,3,13,1,1,30,30,5,32,Fair,0.43,8.00,29.90,NO,YES,0,0,0,0,0
2019-01-30,14:00,2019-01-30 14:00,3,14,1,1,30,30,5,33,Partly Cloudy,0.43,9.00,29.87,NO,YES,0,0,0,0,0
2019-01-30,15:00,2019-01-30 15:00,3,15,1,1,30,30,5,32,Partly Cloudy,0.46,5.00,29.84,NO,YES,0,0,0,0,0
2019-01-30,16:00,2019-01-30 16:00,3,16,1,1,30,30,5,33,Partly Cloudy,0.46,2.00,29.84,NO,NO,0,0,0,2,2
2019-01-30,17:00,2019-01-30 17:00,3,17,1,1,30,30,5,32,Partly Cloudy,0.49,7.00,29.84,NO,NO,0,0,0,1,1
2019-01-30,18:00,2019-01-30 18:00,3,18,1,1,30,30,5,31,Partly Cloudy,0.49,5.00,29.84,NO,NO,0,0,0,0,0
2019-01-30,19:00,2019-01-30 19:00,3,19,1,1,30,30,5,30,Haze,0.58,7.00,29.87,NO,NO,0,0,0,0,0
2019-01-30,20:00,2019-01-30 20:00,3,20,1,1,30,30,5,30,Partly Cloudy,0.58,8.00,29.87,NO,NO,0,0,0,0,0
2019-01-31,7:00,2019-01-31 07:00,4,7,1,1,31,31,5,25,Fog,0.89,3.00,29.93,NO,NO,0,0,0,0,0
2019-01-31,8:00,2019-01-31 08:00,4,8,1,1,31,31,5,26,Fog,0.78,2.00,29.96,NO,NO,0,0,0,0,0
2019-01-31,9:00,2019-01-31 09:00,4,9,1,1,31,31,5,29,Fair,0.70,2.00,29.96,NO,YES,0,0,0,0,0
2019-01-31,10:00,2019-01-31 10:00,4,10,1,1,31,31,5,30,Fair,0.66,2.00,29.96,NO,YES,0,0,0,0,0
2019-01-31,11:00,2019-01-31 11:00,4,11,1,1,31,31,5,31,Fair,0.58,6.00,29.96,NO,YES,0,0,0,0,0
2019-01-31,12:00,2019-01-31 12:00,4,12,1,1,31,31,5,32,Fair,0.52,5.00,29.93,YES,NO,0,0,0,0,0
2019-01-31,13:00,2019-01-31 13:00,4,13,1,1,31,31,5,32,Fair,0.52,8.00,29.90,NO,YES,0,0,0,0,0
2019-01-31,14:00,2019-01-31 14:00,4,14,1,1,31,31,5,33,Fair,0.49,8.00,29.87,NO,YES,0,0,0,0,0
2019-01-31,15:00,2019-01-31 15:00,4,15,1,1,31,31,5,33,Fair,0.46,8.00,29.84,NO,YES,0,0,0,0,0
2019-01-31,16:00,2019-01-31 16:00,4,16,1,1,31,31,5,33,Fair,0.43,7.00,29.84,NO,NO,0,0,0,0,0
2019-01-31,17:00,2019-01-31 17:00,4,17,1,1,31,31,5,33,Fair,0.46,6.00,29.84,NO,NO,0,0,0,0,0
2019-01-31,18:00,2019-01-31 18:00,4,18,1,1,31,31,5,32,Fair,0.49,6.00,29.84,NO,NO,0,0,0,0,0
2019-01-31,19:00,2019-01-31 19:00,4,19,1,1,31,31,5,32,Fair,0.49,7.00,29.87,NO,NO,0,0,0,0,0
2019-01-31,20:00,2019-01-31 20:00,4,20,1,1,31,31,5,31,Fair,0.55,3.00,29.90,NO,NO,0,0,0,0,0
2019-02-01,7:00,2019-02-01 07:00,5,7,1,2,32,1,5,26,Fog,0.94,6.00,29.93,NO,NO,0,0,0,0,0
2019-02-01,8:00,2019-02-01 08:00,5,8,1,2,32,1,5,26,Fog,0.94,7.00,29.96,NO,NO,0,0,0,0,0
2019-02-01,9:00,2019-02-01 09:00,5,9,1,2,32,1,5,27,Fog,0.89,8.00,29.99,NO,YES,0,0,0,0,0
2019-02-01,10:00,2019-02-01 10:00,5,10,1,2,32,1,5,29,Partly Cloudy,0.79,6.00,29.99,NO,YES,0,0,0,0,0
2019-02-01,11:00,2019-02-01 11:00,5,11,1,2,32,1,5,30,Partly Cloudy,0.62,7.00,29.96,NO,YES,0,0,0,1,0
2019-02-01,12:00,2019-02-01 12:00,5,12,1,2,32,1,5,31,Partly Cloudy,0.62,8.00,29.96,YES,NO,0,0,0,0,1
2019-02-01,13:00,2019-02-01 13:00,5,13,1,2,32,1,5,31,Partly Cloudy,0.58,7.00,29.93,NO,YES,0,0,0,0,0
2019-02-01,14:00,2019-02-01 14:00,5,14,1,2,32,1,5,32,Partly Cloudy,0.52,6.00,29.87,NO,YES,0,0,0,0,0
2019-02-01,15:00,2019-02-01 15:00,5,15,1,2,32,1,5,33,Fair,0.41,8.00,29.84,NO,YES,0,0,0,0,0
2019-02-01,16:00,2019-02-01 16:00,5,16,1,2,32,1,5,32,Fair,0.43,5.00,29.84,NO,NO,0,0,0,0,0
2019-02-01,17:00,2019-02-01 17:00,5,17,1,2,32,1,5,32,Fair,0.43,7.00,29.84,NO,NO,0,0,0,0,0
2019-02-01,18:00,2019-02-01 18:00,5,18,1,2,32,1,5,31,Fair,0.46,5.00,29.84,NO,NO,0,0,0,0,0
2019-02-01,19:00,2019-02-01 19:00,5,19,1,2,32,1,5,30,Fair,0.58,3.00,29.87,NO,NO,0,0,0,0,0
2019-02-01,20:00,2019-02-01 20:00,5,20,1,2,32,1,5,30,Fair,0.48,6.00,29.87,NO,NO,0,0,0,0,0
2019-02-04,7:00,2019-02-04 07:00,1,7,1,2,35,4,6,26,Fair,0.94,0.00,29.93,NO,NO,0,0,1,0,0
2019-02-04,8:00,2019-02-04 08:00,1,8,1,2,35,4,6,27,Fair,0.94,2.00,29.96,NO,NO,1,0,1,0,0
2019-02-04,9:00,2019-02-04 09:00,1,9,1,2,35,4,6,29,Partly Cloudy,0.84,3.00,29.96,NO,YES,1,0,0,0,0
2019-02-04,10:00,2019-02-04 10:00,1,10,1,2,35,4,6,31,Fair,0.66,6.00,29.99,NO,YES,1,0,0,0,0
2019-02-04,11:00,2019-02-04 11:00,1,11,1,2,35,4,6,32,Fair,0.59,3.00,29.96,NO,YES,0,1,1,2,0
2019-02-04,12:00,2019-02-04 12:00,1,12,1,2,35,4,6,34,Fair,0.52,3.00,29.93,YES,NO,1,0,2,0,0
2019-02-04,13:00,2019-02-04 13:00,1,13,1,2,35,4,6,34,Fair,0.52,6.00,29.90,NO,YES,0,0,0,0,0
2019-02-04,14:00,2019-02-04 14:00,1,14,1,2,35,4,6,34,Fair,0.52,3.00,29.87,NO,YES,0,0,0,0,0
2019-02-04,15:00,2019-02-04 15:00,1,15,1,2,35,4,6,35,Fair,0.47,2.00,29.84,NO,YES,0,0,0,0,0
2019-02-04,16:00,2019-02-04 16:00,1,16,1,2,35,4,6,34,Fair,0.49,6.00,29.81,NO,NO,0,0,0,0,0
2019-02-04,17:00,2019-02-04 17:00,1,17,1,2,35,4,6,34,Fair,0.52,6.00,29.81,NO,NO,0,0,0,0,0
2019-02-04,18:00,2019-02-04 18:00,1,18,1,2,35,4,6,33,Fair,0.55,3.00,29.84,NO,NO,0,0,0,0,0
2019-02-04,19:00,2019-02-04 19:00,1,19,1,2,35,4,6,31,Fair,0.66,6.00,29.84,NO,NO,0,0,0,0,0
2019-02-04,20:00,2019-02-04 20:00,1,20,1,2,35,4,6,31,Fair,0.62,7.00,29.87,NO,NO,0,0,0,0,0
2019-02-05,7:00,2019-02-05 07:00,2,7,1,2,36,5,6,27,Fair,0.89,5.00,29.90,NO,NO,0,0,0,0,0
2019-02-05,8:00,2019-02-05 08:00,2,8,1,2,36,5,6,28,Fair,0.89,7.00,29.93,NO,NO,1,0,0,0,0
2019-02-05,9:00,2019-02-05 09:00,2,9,1,2,36,5,6,30,Fair,0.74,8.00,29.93,NO,YES,1,0,1,0,0
2019-02-05,10:00,2019-02-05 10:00,2,10,1,2,36,5,6,31,Fair,0.70,6.00,29.96,NO,YES,0,0,0,1,0
2019-02-05,11:00,2019-02-05 11:00,2,11,1,2,36,5,6,33,Fair,0.59,5.00,29.93,NO,YES,1,0,0,0,0
2019-02-05,12:00,2019-02-05 12:00,2,12,1,2,36,5,6,34,Fair,0.56,3.00,29.90,YES,NO,0,0,0,0,0
2019-02-05,13:00,2019-02-05 13:00,2,13,1,2,36,5,6,35,Fair,0.49,6.00,29.87,NO,YES,0,2,0,0,1
2019-02-05,14:00,2019-02-05 14:00,2,14,1,2,36,5,6,35,Fair,0.53,8.00,29.84,NO,YES,0,0,0,1,0
2019-02-05,15:00,2019-02-05 15:00,2,15,1,2,36,5,6,35,Partly Cloudy,0.53,9.00,29.81,NO,YES,0,0,0,0,1
2019-02-05,16:00,2019-02-05 16:00,2,16,1,2,36,5,6,34,Fair,0.56,9.00,29.81,NO,NO,1,1,0,0,1
2019-02-05,17:00,2019-02-05 17:00,2,17,1,2,36,5,6,33,Fair,0.59,9.00,29.81,NO,NO,0,0,0,0,0
2019-02-05,18:00,2019-02-05 18:00,2,18,1,2,36,5,6,32,Fair,0.59,9.00,29.81,NO,NO,0,1,0,0,0
2019-02-05,19:00,2019-02-05 19:00,2,19,1,2,36,5,6,30,Fair,0.70,9.00,29.84,NO,NO,0,0,0,0,0
2019-02-05,20:00,2019-02-05 20:00,2,20,1,2,36,5,6,29,Fair,0.74,8.00,29.84,NO,NO,0,0,0,0,0
2019-02-06,7:00,2019-02-06 07:00,3,7,1,2,37,6,6,27,Fair,0.89,5.00,29.84,NO,NO,0,0,1,0,0
2019-02-06,8:00,2019-02-06 08:00,3,8,1,2,37,6,6,28,Fair,0.84,7.00,29.87,NO,NO,3,0,0,0,0
2019-02-06,9:00,2019-02-06 09:00,3,9,1,2,37,6,6,29,Partly Cloudy,0.79,8.00,29.90,NO,YES,0,0,0,0,0
2019-02-06,10:00,2019-02-06 10:00,3,10,1,2,37,6,6,31,Partly Cloudy,0.70,10.00,29.90,NO,YES,0,0,0,0,1
2019-02-06,11:00,2019-02-06 11:00,3,11,1,2,37,6,6,32,Partly Cloudy,0.66,9.00,29.90,NO,YES,0,0,0,0,0
2019-02-06,12:00,2019-02-06 12:00,3,12,1,2,37,6,6,33,Partly Cloudy,0.59,8.00,29.87,YES,NO,0,0,0,1,0
2019-02-06,13:00,2019-02-06 13:00,3,13,1,2,37,6,6,33,Partly Cloudy,0.63,10.00,29.84,NO,YES,0,0,0,0,0
2019-02-06,14:00,2019-02-06 14:00,3,14,1,2,37,6,6,33,Partly Cloudy,0.59,9.00,29.84,NO,YES,0,0,0,0,1
2019-02-06,15:00,2019-02-06 15:00,3,15,1,2,37,6,6,33,Partly Cloudy,0.59,10.00,29.81,NO,YES,0,0,0,0,0
2019-02-06,16:00,2019-02-06 16:00,3,16,1,2,37,6,6,33,Fair,0.59,10.00,29.79,NO,NO,0,0,0,1,1
2019-02-06,17:00,2019-02-06 17:00,3,17,1,2,37,6,6,32,Fair,0.62,13.00,29.79,NO,NO,0,0,0,0,0
2019-02-06,18:00,2019-02-06 18:00,3,18,1,2,37,6,6,30,Fair,0.70,10.00,29.81,NO,NO,0,2,0,0,0
2019-02-06,19:00,2019-02-06 19:00,3,19,1,2,37,6,6,29,Fair,0.74,9.00,29.81,NO,NO,0,0,0,0,0
2019-02-06,20:00,2019-02-06 20:00,3,20,1,2,37,6,6,29,Fair,0.74,9.00,29.84,NO,NO,0,0,0,0,0
2019-02-07,7:00,2019-02-07 07:00,4,7,1,2,38,7,6,27,Fair,0.89,2.00,29.90,NO,NO,0,0,0,0,0
2019-02-07,8:00,2019-02-07 08:00,4,8,1,2,38,7,6,28,Fair,0.84,5.00,29.93,NO,NO,0,0,0,0,0
2019-02-07,9:00,2019-02-07 09:00,4,9,1,2,38,7,6,30,Partly Cloudy,0.74,7.00,29.96,NO,YES,1,0,1,0,0
2019-02-07,10:00,2019-02-07 10:00,4,10,1,2,38,7,6,31,Partly Cloudy,0.70,8.00,29.96,NO,YES,0,0,0,0,0
2019-02-07,11:00,2019-02-07 11:00,4,11,1,2,38,7,6,32,Partly Cloudy,0.62,9.00,29.93,NO,YES,0,1,0,1,0
2019-02-07,12:00,2019-02-07 12:00,4,12,1,2,38,7,6,33,Partly Cloudy,0.59,8.00,29.90,YES,NO,1,0,1,0,0
2019-02-07,13:00,2019-02-07 13:00,4,13,1,2,38,7,6,34,Partly Cloudy,0.56,7.00,29.87,NO,YES,0,0,0,0,0
2019-02-07,14:00,2019-02-07 14:00,4,14,1,2,38,7,6,33,Partly Cloudy,0.55,7.00,29.84,NO,YES,0,1,0,0,0
2019-02-07,15:00,2019-02-07 15:00,4,15,1,2,38,7,6,34,Partly Cloudy,0.52,7.00,29.81,NO,YES,0,2,0,0,0
2019-02-07,16:00,2019-02-07 16:00,4,16,1,2,38,7,6,34,Partly Cloudy,0.52,6.00,29.81,NO,NO,1,1,0,2,4
2019-02-07,17:00,2019-02-07 17:00,4,17,1,2,38,7,6,33,Partly Cloudy,0.55,6.00,29.81,NO,NO,0,0,0,0,1
2019-02-07,18:00,2019-02-07 18:00,4,18,1,2,38,7,6,32,Fair,0.59,6.00,29.81,NO,NO,0,0,0,0,0
2019-02-07,19:00,2019-02-07 19:00,4,19,1,2,38,7,6,30,Fair,0.70,9.00,29.84,NO,NO,0,0,0,0,0
2019-02-07,20:00,2019-02-07 20:00,4,20,1,2,38,7,6,29,Fair,0.74,9.00,29.87,NO,NO,0,0,0,0,0
2019-02-08,7:00,2019-02-08 07:00,5,7,1,2,39,8,6,26,Fair,0.94,2.00,29.90,NO,NO,1,0,0,0,0
2019-02-08,8:00,2019-02-08 08:00,5,8,1,2,39,8,6,28,Fair,0.89,3.00,29.90,NO,NO,2,0,0,0,0
2019-02-08,9:00,2019-02-08 09:00,5,9,1,2,39,8,6,29,Partly Cloudy,0.84,5.00,29.93,NO,YES,3,0,2,0,0
2019-02-08,10:00,2019-02-08 10:00,5,10,1,2,39,8,6,31,Fair,0.70,7.00,29.93,NO,YES,0,0,0,0,1
2019-02-08,11:00,2019-02-08 11:00,5,11,1,2,39,8,6,33,Fair,0.63,6.00,29.93,NO,YES,0,0,0,1,0
2019-02-08,12:00,2019-02-08 12:00,5,12,1,2,39,8,6,33,Partly Cloudy,0.59,3.00,29.90,YES,NO,2,1,0,0,1
2019-02-08,13:00,2019-02-08 13:00,5,13,1,2,39,8,6,35,Partly Cloudy,0.53,6.00,29.87,NO,YES,0,0,0,1,0
2019-02-08,14:00,2019-02-08 14:00,5,14,1,2,39,8,6,35,Partly Cloudy,0.53,6.00,29.84,NO,YES,0,0,0,0,0
2019-02-08,15:00,2019-02-08 15:00,5,15,1,2,39,8,6,34,Fair,0.56,6.00,29.81,NO,YES,0,0,0,0,1
2019-02-08,16:00,2019-02-08 16:00,5,16,1,2,39,8,6,34,Fair,0.56,8.00,29.79,NO,NO,0,1,0,0,1
2019-02-08,17:00,2019-02-08 17:00,5,17,1,2,39,8,6,33,Fair,0.63,9.00,29.79,NO,NO,0,0,0,0,0
2019-02-08,18:00,2019-02-08 18:00,5,18,1,2,39,8,6,32,Fair,0.62,7.00,29.79,NO,NO,0,0,0,0,0
2019-02-08,19:00,2019-02-08 19:00,5,19,1,2,39,8,6,31,Fair,0.66,7.00,29.81,NO,NO,0,0,0,0,0
2019-02-08,20:00,2019-02-08 20:00,5,20,1,2,39,8,6,30,Fair,0.66,8.00,29.84,NO,NO,0,0,0,0,0
2019-02-11,7:00,2019-02-11 07:00,1,7,1,2,42,11,7,28,Fair,0.84,5.00,29.96,NO,NO,0,0,1,0,0
2019-02-11,8:00,2019-02-11 08:00,1,8,1,2,42,11,7,28,Fair,0.89,6.00,29.99,NO,NO,1,0,0,0,0
2019-02-11,9:00,2019-02-11 09:00,1,9,1,2,42,11,7,29,Fair,0.79,10.00,29.99,NO,YES,0,0,1,0,0
2019-02-11,10:00,2019-02-11 10:00,1,10,1,2,42,11,7,31,Fair,0.70,10.00,29.99,NO,YES,0,0,0,0,0
2019-02-11,11:00,2019-02-11 11:00,1,11,1,2,42,11,7,33,Fair,0.63,10.00,29.99,NO,YES,0,0,0,1,0
2019-02-11,12:00,2019-02-11 12:00,1,12,1,2,42,11,7,33,Fair,0.59,10.00,29.99,YES,NO,1,0,1,0,0
2019-02-11,13:00,2019-02-11 13:00,1,13,1,2,42,11,7,33,Fair,0.59,8.00,29.96,NO,YES,0,1,0,0,0
2019-02-11,14:00,2019-02-11 14:00,1,14,1,2,42,11,7,34,Fair,0.56,9.00,29.90,NO,YES,0,0,0,1,0
2019-02-11,15:00,2019-02-11 15:00,1,15,1,2,42,11,7,34,Fair,0.56,9.00,29.87,NO,YES,0,1,0,0,0
2019-02-11,16:00,2019-02-11 16:00,1,16,1,2,42,11,7,34,Fair,0.56,7.00,29.87,NO,NO,0,0,0,1,3
2019-02-11,17:00,2019-02-11 17:00,1,17,1,2,42,11,7,33,Fair,0.59,9.00,29.87,NO,NO,0,0,0,1,0
2019-02-11,18:00,2019-02-11 18:00,1,18,1,2,42,11,7,31,Fair,0.70,12.00,29.87,NO,NO,0,0,0,0,0
2019-02-11,19:00,2019-02-11 19:00,1,19,1,2,42,11,7,29,Fair,0.74,13.00,29.90,NO,NO,0,0,0,0,0
2019-02-11,20:00,2019-02-11 20:00,1,20,1,2,42,11,7,29,Fair,0.79,8.00,29.93,NO,NO,0,0,0,0,0
2019-02-12,7:00,2019-02-12 07:00,2,7,1,2,43,12,7,26,Fair,0.89,0.00,29.99,NO,NO,1,0,0,0,0
2019-02-12,8:00,2019-02-12 08:00,2,8,1,2,43,12,7,27,Fair,0.89,5.00,30.02,NO,NO,2,0,0,0,0
2019-02-12,9:00,2019-02-12 09:00,2,9,1,2,43,12,7,28,Partly Cloudy,0.84,7.00,30.08,NO,YES,0,0,0,0,0
2019-02-12,10:00,2019-02-12 10:00,2,10,1,2,43,12,7,30,Fair,0.70,2.00,30.08,NO,YES,0,0,0,0,0
2019-02-12,11:00,2019-02-12 11:00,2,11,1,2,43,12,7,31,Fair,0.62,5.00,30.08,NO,YES,1,0,0,0,0
2019-02-12,12:00,2019-02-12 12:00,2,12,1,2,43,12,7,31,Partly Cloudy,0.62,6.00,30.05,YES,NO,0,1,0,0,0
2019-02-12,13:00,2019-02-12 13:00,2,13,1,2,43,12,7,32,Partly Cloudy,0.59,5.00,30.02,NO,YES,1,0,0,0,1
2019-02-12,14:00,2019-02-12 14:00,2,14,1,2,43,12,7,34,Partly Cloudy,0.49,3.00,29.96,NO,YES,0,0,0,0,1
2019-02-12,15:00,2019-02-12 15:00,2,15,1,2,43,12,7,33,Partly Cloudy,0.52,6.00,29.93,NO,YES,0,1,0,1,1
2019-02-12,16:00,2019-02-12 16:00,2,16,1,2,43,12,7,34,Partly Cloudy,0.49,6.00,29.90,NO,NO,0,1,0,1,3
2019-02-12,17:00,2019-02-12 17:00,2,17,1,2,43,12,7,34,Partly Cloudy,0.46,6.00,29.90,NO,NO,0,0,0,0,0
2019-02-12,18:00,2019-02-12 18:00,2,18,1,2,43,12,7,33,Fair,0.46,6.00,29.90,NO,NO,0,0,0,0,0
2019-02-12,19:00,2019-02-12 19:00,2,19,1,2,43,12,7,33,Fair,0.46,5.00,29.93,NO,NO,0,0,0,0,0
2019-02-12,20:00,2019-02-12 20:00,2,20,1,2,43,12,7,31,Fair,0.62,7.00,29.96,NO,NO,0,0,0,0,0
2019-02-13,7:00,2019-02-13 07:00,3,7,1,2,44,13,7,26,Fog,0.89,5.00,29.99,NO,NO,1,0,1,0,0
2019-02-13,8:00,2019-02-13 08:00,3,8,1,2,44,13,7,27,Fog,0.84,7.00,30.02,NO,NO,0,0,1,0,0
2019-02-13,9:00,2019-02-13 09:00,3,9,1,2,44,13,7,29,Fair,0.74,3.00,30.02,NO,YES,1,0,1,0,0
2019-02-13,10:00,2019-02-13 10:00,3,10,1,2,44,13,7,31,Fair,0.66,5.00,30.02,NO,YES,1,0,0,0,0
2019-02-13,11:00,2019-02-13 11:00,3,11,1,2,44,13,7,32,Fair,0.55,8.00,30.02,NO,YES,0,0,0,0,0
2019-02-13,12:00,2019-02-13 12:00,3,12,1,2,44,13,7,34,Fair,0.46,9.00,29.99,YES,NO,1,1,0,1,0
2019-02-13,13:00,2019-02-13 13:00,3,13,1,2,44,13,7,35,Fair,0.44,9.00,29.93,NO,YES,0,1,0,0,1
2019-02-13,14:00,2019-02-13 14:00,3,14,1,2,44,13,7,35,Fair,0.41,5.00,29.90,NO,YES,0,0,0,0,0
2019-02-13,15:00,2019-02-13 15:00,3,15,1,2,44,13,7,35,Fair,0.39,7.00,29.87,NO,YES,0,0,0,0,0
2019-02-13,16:00,2019-02-13 16:00,3,16,1,2,44,13,7,35,Fair,0.39,7.00,29.87,NO,NO,0,0,0,0,0
2019-02-13,17:00,2019-02-13 17:00,3,17,1,2,44,13,7,35,Fair,0.39,5.00,29.87,NO,NO,0,0,0,0,0
2019-02-13,18:00,2019-02-13 18:00,3,18,1,2,44,13,7,34,Fair,0.44,6.00,29.87,NO,NO,0,1,0,2,1
2019-02-13,19:00,2019-02-13 19:00,3,19,1,2,44,13,7,33,Fair,0.46,5.00,29.90,NO,NO,0,0,0,0,0
2019-02-13,20:00,2019-02-13 20:00,3,20,1,2,44,13,7,32,Fair,0.59,8.00,29.90,NO,NO,0,0,0,0,0
2019-02-14,7:00,2019-02-14 07:00,4,7,1,2,45,14,7,27,Fair,0.89,5.00,29.93,NO,NO,0,0,0,0,0
2019-02-14,8:00,2019-02-14 08:00,4,8,1,2,45,14,7,27,Fair,0.89,6.00,29.96,NO,NO,1,0,0,0,0
2019-02-14,9:00,2019-02-14 09:00,4,9,1,2,45,14,7,29,Fair,0.74,7.00,29.99,NO,YES,2,0,1,1,0
2019-02-14,10:00,2019-02-14 10:00,4,10,1,2,45,14,7,31,Partly Cloudy,0.66,8.00,29.99,NO,YES,0,0,0,0,0
2019-02-14,11:00,2019-02-14 11:00,4,11,1,2,45,14,7,32,Partly Cloudy,0.62,8.00,29.96,NO,YES,0,1,0,0,0
2019-02-14,12:00,2019-02-14 12:00,4,12,1,2,45,14,7,32,Partly Cloudy,0.62,7.00,29.93,YES,NO,1,2,0,0,0
2019-02-14,13:00,2019-02-14 13:00,4,13,1,2,45,14,7,34,Partly Cloudy,0.52,6.00,29.90,NO,YES,0,0,0,0,0
2019-02-14,14:00,2019-02-14 14:00,4,14,1,2,45,14,7,33,Partly Cloudy,0.55,8.00,29.87,NO,YES,0,0,0,0,1
2019-02-14,15:00,2019-02-14 15:00,4,15,1,2,45,14,7,33,Partly Cloudy,0.52,9.00,29.84,NO,YES,0,1,1,0,0
2019-02-14,16:00,2019-02-14 16:00,4,16,1,2,45,14,7,34,Partly Cloudy,0.49,7.00,29.84,NO,NO,0,1,0,0,1
2019-02-14,17:00,2019-02-14 17:00,4,17,1,2,45,14,7,33,Partly Cloudy,0.55,10.00,29.84,NO,NO,0,0,0,1,0
2019-02-14,18:00,2019-02-14 18:00,4,18,1,2,45,14,7,31,Partly Cloudy,0.62,9.00,29.84,NO,NO,0,0,0,0,0
2019-02-14,19:00,2019-02-14 19:00,4,19,1,2,45,14,7,29,Partly Cloudy,0.70,10.00,29.87,NO,NO,0,0,0,0,0
2019-02-14,20:00,2019-02-14 20:00,4,20,1,2,45,14,7,29,Partly Cloudy,0.74,8.00,29.90,NO,NO,0,0,0,0,0
2019-02-15,7:00,2019-02-15 07:00,5,7,1,2,46,15,7,27,Fair,0.84,3.00,29.93,NO,NO,0,0,1,0,0
2019-02-15,8:00,2019-02-15 08:00,5,8,1,2,46,15,7,27,Partly Cloudy,0.89,5.00,29.96,NO,NO,2,0,0,0,0
2019-02-15,9:00,2019-02-15 09:00,5,9,1,2,46,15,7,29,Partly Cloudy,0.79,6.00,29.96,NO,YES,1,0,1,0,0
2019-02-15,10:00,2019-02-15 10:00,5,10,1,2,46,15,7,31,Partly Cloudy,0.66,7.00,29.99,NO,YES,0,0,0,0,0
2019-02-15,11:00,2019-02-15 11:00,5,11,1,2,46,15,7,31,Partly Cloudy,0.66,8.00,29.96,NO,YES,2,0,1,0,0
2019-02-15,12:00,2019-02-15 12:00,5,12,1,2,46,15,7,33,Partly Cloudy,0.52,8.00,29.93,YES,NO,1,0,0,0,0
2019-02-15,13:00,2019-02-15 13:00,5,13,1,2,46,15,7,33,Partly Cloudy,0.49,5.00,29.90,NO,YES,0,0,0,0,0
2019-02-15,14:00,2019-02-15 14:00,5,14,1,2,46,15,7,33,Partly Cloudy,0.55,10.00,29.87,NO,YES,0,0,0,0,0
2019-02-15,15:00,2019-02-15 15:00,5,15,1,2,46,15,7,34,Fair,0.49,17.00,29.84,NO,YES,0,0,0,1,2
2019-02-15,16:00,2019-02-15 16:00,5,16,1,2,46,15,7,33,Fair,0.52,10.00,29.84,NO,NO,0,0,0,1,1
2019-02-15,17:00,2019-02-15 17:00,5,17,1,2,46,15,7,32,Fair,0.59,9.00,29.84,NO,NO,0,0,0,1,1
2019-02-15,18:00,2019-02-15 18:00,5,18,1,2,46,15,7,31,Fair,0.62,9.00,29.87,NO,NO,0,1,0,1,0
2019-02-15,19:00,2019-02-15 19:00,5,19,1,2,46,15,7,29,Fair,0.70,15.00,29.87,NO,NO,0,0,0,0,0
2019-02-15,20:00,2019-02-15 20:00,5,20,1,2,46,15,7,29,Fair,0.70,9.00,29.90,NO,NO,0,0,0,0,0
2019-02-18,7:00,2019-02-18 07:00,1,7,1,2,49,18,8,26,Partly Cloudy,0.89,3.00,29.87,NO,NO,1,0,1,0,0
2019-02-18,8:00,2019-02-18 08:00,1,8,1,2,49,18,8,27,Fair,0.84,3.00,29.90,NO,NO,1,0,0,0,0
2019-02-18,9:00,2019-02-18 09:00,1,9,1,2,49,18,8,29,Fair,0.79,7.00,29.90,NO,YES,1,0,0,0,0
2019-02-18,10:00,2019-02-18 10:00,1,10,1,2,49,18,8,30,Fair,0.66,9.00,29.93,NO,YES,0,0,1,0,0
2019-02-18,11:00,2019-02-18 11:00,1,11,1,2,49,18,8,32,Partly Cloudy,0.62,7.00,29.93,NO,YES,0,0,0,0,0
2019-02-18,12:00,2019-02-18 12:00,1,12,1,2,49,18,8,32,Partly Cloudy,0.59,13.00,29.90,YES,NO,0,0,0,0,0
2019-02-18,13:00,2019-02-18 13:00,1,13,1,2,49,18,8,32,Partly Cloudy,0.59,14.00,29.87,NO,YES,0,0,0,0,1
2019-02-18,14:00,2019-02-18 14:00,1,14,1,2,49,18,8,34,Fair,0.52,13.00,29.84,NO,YES,0,0,0,0,0
2019-02-18,15:00,2019-02-18 15:00,1,15,1,2,49,18,8,33,Partly Cloudy,0.52,9.00,29.79,NO,YES,0,1,0,2,1
2019-02-18,16:00,2019-02-18 16:00,1,16,1,2,49,18,8,33,Fair,0.52,9.00,29.79,NO,NO,0,1,0,0,0
2019-02-18,17:00,2019-02-18 17:00,1,17,1,2,49,18,8,32,Fair,0.52,9.00,29.79,NO,NO,0,0,0,0,0
2019-02-18,18:00,2019-02-18 18:00,1,18,1,2,49,18,8,31,Fair,0.55,10.00,29.79,NO,NO,0,0,0,0,0
2019-02-18,19:00,2019-02-18 19:00,1,19,1,2,49,18,8,29,Fair,0.62,9.00,29.81,NO,NO,0,0,0,0,0
2019-02-18,20:00,2019-02-18 20:00,1,20,1,2,49,18,8,28,Fair,0.70,8.00,29.84,NO,NO,0,0,0,0,0
2019-02-20,7:00,2019-02-20 07:00,3,7,1,2,51,20,8,25,Fair,0.94,5.00,29.96,NO,NO,1,0,1,0,0
2019-02-20,8:00,2019-02-20 08:00,3,8,1,2,51,20,8,27,Fair,0.84,2.00,29.96,NO,NO,1,0,2,0,0
2019-02-20,9:00,2019-02-20 09:00,3,9,1,2,51,20,8,29,Fair,0.74,6.00,29.99,NO,YES,0,0,0,0,0
2019-02-20,10:00,2019-02-20 10:00,3,10,1,2,51,20,8,31,Fair,0.66,5.00,29.99,NO,YES,0,0,0,0,0
2019-02-20,11:00,2019-02-20 11:00,3,11,1,2,51,20,8,33,Fair,0.52,9.00,29.99,NO,YES,0,0,0,0,0
2019-02-20,12:00,2019-02-20 12:00,3,12,1,2,51,20,8,33,Fair,0.46,9.00,29.96,YES,NO,0,1,0,0,0
2019-02-20,13:00,2019-02-20 13:00,3,13,1,2,51,20,8,34,Fair,0.44,9.00,29.96,NO,YES,0,0,0,0,0
2019-02-20,14:00,2019-02-20 14:00,3,14,1,2,51,20,8,34,Fair,0.44,8.00,29.90,NO,YES,0,0,0,0,1
2019-02-20,15:00,2019-02-20 15:00,3,15,1,2,51,20,8,34,Fair,0.44,9.00,29.87,NO,YES,0,0,0,1,1
2019-02-20,16:00,2019-02-20 16:00,3,16,1,2,51,20,8,34,Fair,0.46,9.00,29.87,NO,NO,0,1,0,1,2
2019-02-20,17:00,2019-02-20 17:00,3,17,1,2,51,20,8,34,Fair,0.44,8.00,29.87,NO,NO,0,2,0,1,0
2019-02-20,18:00,2019-02-20 18:00,3,18,1,2,51,20,8,32,Fair,0.49,10.00,29.87,NO,NO,0,0,0,0,0
2019-02-20,19:00,2019-02-20 19:00,3,19,1,2,51,20,8,31,Fair,0.52,8.00,29.90,NO,NO,0,0,0,0,0
2019-02-20,20:00,2019-02-20 20:00,3,20,1,2,51,20,8,30,Fair,0.58,7.00,29.93,NO,NO,0,0,0,0,0
2019-02-21,7:00,2019-02-21 07:00,4,7,1,2,52,21,8,26,Fair,0.89,2.00,29.96,NO,NO,0,0,1,0,0
2019-02-21,8:00,2019-02-21 08:00,4,8,1,2,52,21,8,27,Fair,0.84,5.00,29.96,NO,NO,2,0,0,0,0
2019-02-21,9:00,2019-02-21 09:00,4,9,1,2,52,21,8,29,Fair,0.79,0.00,29.99,NO,YES,0,0,0,0,0
2019-02-21,10:00,2019-02-21 10:00,4,10,1,2,52,21,8,31,Fair,0.70,5.00,29.99,NO,YES,1,1,0,0,0
2019-02-21,11:00,2019-02-21 11:00,4,11,1,2,52,21,8,32,Fair,0.59,6.00,29.99,NO,YES,0,0,0,0,0
2019-02-21,12:00,2019-02-21 12:00,4,12,1,2,52,21,8,33,Partly Cloudy,0.52,7.00,29.96,YES,NO,0,0,0,0,0
2019-02-21,13:00,2019-02-21 13:00,4,13,1,2,52,21,8,34,Fair,0.52,0.00,29.93,NO,YES,1,0,0,0,0
2019-02-21,14:00,2019-02-21 14:00,4,14,1,2,52,21,8,34,Fair,0.49,7.00,29.87,NO,YES,0,0,0,1,0
2019-02-21,15:00,2019-02-21 15:00,4,15,1,2,52,21,8,35,Partly Cloudy,0.49,6.00,29.84,NO,YES,0,0,0,0,0
2019-02-21,16:00,2019-02-21 16:00,4,16,1,2,52,21,8,34,Partly Cloudy,0.56,8.00,29.84,NO,NO,0,1,1,1,3
2019-02-21,17:00,2019-02-21 17:00,4,17,1,2,52,21,8,34,Partly Cloudy,0.56,8.00,29.84,NO,NO,0,0,0,0,0
2019-02-21,18:00,2019-02-21 18:00,4,18,1,2,52,21,8,32,Fair,0.59,10.00,29.84,NO,NO,0,0,0,0,0
2019-02-21,19:00,2019-02-21 19:00,4,19,1,2,52,21,8,30,Fair,0.70,8.00,29.87,NO,NO,0,0,0,0,0
2019-02-21,20:00,2019-02-21 20:00,4,20,1,2,52,21,8,29,Fair,0.74,9.00,29.87,NO,NO,0,0,0,0,0
2019-02-22,7:00,2019-02-22 07:00,5,7,1,2,53,22,8,26,Fair,0.89,3.00,29.87,NO,NO,0,0,0,0,0
2019-02-22,8:00,2019-02-22 08:00,5,8,1,2,53,22,8,27,Fair,0.84,6.00,29.90,NO,NO,1,0,0,0,0
2019-02-22,9:00,2019-02-22 09:00,5,9,1,2,53,22,8,29,Fair,0.79,5.00,29.93,NO,YES,1,0,1,0,0
2019-02-22,10:00,2019-02-22 10:00,5,10,1,2,53,22,8,32,Fair,0.59,7.00,29.93,NO,YES,0,0,0,0,0
2019-02-22,11:00,2019-02-22 11:00,5,11,1,2,53,22,8,33,Fair,0.52,8.00,29.90,NO,YES,0,0,0,0,0
2019-02-22,12:00,2019-02-22 12:00,5,12,1,2,53,22,8,34,Fair,0.49,7.00,29.87,YES,NO,0,1,0,0,0
2019-02-22,13:00,2019-02-22 13:00,5,13,1,2,53,22,8,35,Fair,0.47,7.00,29.84,NO,YES,0,0,1,1,0
2019-02-22,14:00,2019-02-22 14:00,5,14,1,2,53,22,8,35,Fair,0.47,8.00,29.81,NO,YES,0,0,1,0,0
2019-02-22,15:00,2019-02-22 15:00,5,15,1,2,53,22,8,35,Fair,0.47,10.00,29.81,NO,YES,0,0,0,0,0
2019-02-22,16:00,2019-02-22 16:00,5,16,1,2,53,22,8,34,Fair,0.46,10.00,29.81,NO,NO,0,0,0,0,0
2019-02-22,17:00,2019-02-22 17:00,5,17,1,2,53,22,8,34,Fair,0.46,10.00,29.79,NO,NO,0,0,0,0,0
2019-02-22,18:00,2019-02-22 18:00,5,18,1,2,53,22,8,32,Fair,0.46,12.00,29.79,NO,NO,0,0,0,0,0
2019-02-22,19:00,2019-02-22 19:00,5,19,1,2,53,22,8,30,Fair,0.58,9.00,29.81,NO,NO,0,0,0,0,0
2019-02-22,20:00,2019-02-22 20:00,5,20,1,2,53,22,8,29,Fair,0.66,7.00,29.81,NO,NO,0,0,0,0,0
2019-02-25,7:00,2019-02-25 07:00,1,7,1,2,56,25,9,28,Fair,0.84,0.00,29.84,NO,NO,0,0,1,0,0
2019-02-25,8:00,2019-02-25 08:00,1,8,1,2,56,25,9,28,Partly Cloudy,0.89,5.00,29.87,NO,NO,2,0,0,0,0
2019-02-25,9:00,2019-02-25 09:00,1,9,1,2,56,25,9,30,Partly Cloudy,0.79,6.00,29.90,NO,YES,1,0,0,0,0
2019-02-25,10:00,2019-02-25 10:00,1,10,1,2,56,25,9,32,Partly Cloudy,0.66,7.00,29.90,NO,YES,0,0,0,0,0
2019-02-25,11:00,2019-02-25 11:00,1,11,1,2,56,25,9,32,Partly Cloudy,0.66,10.00,29.87,NO,YES,0,0,1,0,1
2019-02-25,12:00,2019-02-25 12:00,1,12,1,2,56,25,9,33,Partly Cloudy,0.59,9.00,29.84,YES,NO,0,0,1,0,1
2019-02-25,13:00,2019-02-25 13:00,1,13,1,2,56,25,9,34,Partly Cloudy,0.59,12.00,29.81,NO,YES,0,1,0,1,0
2019-02-25,14:00,2019-02-25 14:00,1,14,1,2,56,25,9,34,Fair,0.56,10.00,29.79,NO,YES,0,0,0,0,0
2019-02-25,15:00,2019-02-25 15:00,1,15,1,2,56,25,9,34,Fair,0.56,12.00,29.76,NO,YES,0,1,0,1,1
2019-02-25,16:00,2019-02-25 16:00,1,16,1,2,56,25,9,34,Fair,0.56,12.00,29.76,NO,NO,0,0,0,2,0
2019-02-25,17:00,2019-02-25 17:00,1,17,1,2,56,25,9,32,Fair,0.62,14.00,29.76,NO,NO,0,0,0,0,0
2019-02-25,18:00,2019-02-25 18:00,1,18,1,2,56,25,9,31,Fair,0.66,13.00,29.76,NO,NO,0,0,0,0,0
2019-02-25,19:00,2019-02-25 19:00,1,19,1,2,56,25,9,30,Fair,0.70,13.00,29.79,NO,NO,0,0,0,0,0
2019-02-25,20:00,2019-02-25 20:00,1,20,1,2,56,25,9,29,Fair,0.79,8.00,29.81,NO,NO,0,0,0,0,0
2019-02-26,7:00,2019-02-26 07:00,2,7,1,2,57,26,9,28,Partly Cloudy,0.74,6.00,29.87,NO,NO,1,0,0,0,0
2019-02-26,8:00,2019-02-26 08:00,2,8,1,2,57,26,9,29,Partly Cloudy,0.70,7.00,29.90,NO,NO,1,2,0,0,0
2019-02-26,9:00,2019-02-26 09:00,2,9,1,2,57,26,9,30,Fair,0.66,9.00,29.90,NO,YES,0,0,1,0,0
2019-02-26,10:00,2019-02-26 10:00,2,10,1,2,57,26,9,31,Fair,0.62,10.00,29.93,NO,YES,0,0,0,0,0
2019-02-26,11:00,2019-02-26 11:00,2,11,1,2,57,26,9,31,Partly Cloudy,0.62,9.00,29.90,NO,YES,1,0,0,1,1
2019-02-26,12:00,2019-02-26 12:00,2,12,1,2,57,26,9,33,Partly Cloudy,0.55,8.00,29.90,YES,NO,0,0,0,0,0
2019-02-26,13:00,2019-02-26 13:00,2,13,1,2,57,26,9,32,Partly Cloudy,0.59,10.00,29.84,NO,YES,0,0,0,0,0
2019-02-26,14:00,2019-02-26 14:00,2,14,1,2,57,26,9,34,Partly Cloudy,0.52,7.00,29.81,NO,YES,0,0,0,0,0
2019-02-26,15:00,2019-02-26 15:00,2,15,1,2,57,26,9,34,Partly Cloudy,0.49,9.00,29.79,NO,YES,0,1,0,2,1
2019-02-26,16:00,2019-02-26 16:00,2,16,1,2,57,26,9,33,Partly Cloudy,0.55,15.00,29.79,NO,NO,0,1,0,1,2
2019-02-26,17:00,2019-02-26 17:00,2,17,1,2,57,26,9,31,Fair,0.62,14.00,29.79,NO,NO,0,0,0,0,0
2019-02-26,18:00,2019-02-26 18:00,2,18,1,2,57,26,9,30,Fair,0.62,13.00,29.79,NO,NO,0,1,0,0,0
2019-02-26,19:00,2019-02-26 19:00,2,19,1,2,57,26,9,29,Fair,0.70,12.00,29.81,NO,NO,0,0,0,0,0
2019-02-26,20:00,2019-02-26 20:00,2,20,1,2,57,26,9,29,Fair,0.70,13.00,29.81,NO,NO,0,0,0,0,0
2019-02-27,7:00,2019-02-27 07:00,3,7,1,2,58,27,9,25,Fair,0.89,6.00,29.81,NO,NO,1,0,0,0,0
2019-02-27,8:00,2019-02-27 08:00,3,8,1,2,58,27,9,27,Fair,0.84,0.00,29.84,NO,NO,1,1,0,0,0
2019-02-27,9:00,2019-02-27 09:00,3,9,1,2,58,27,9,29,Fair,0.74,3.00,29.84,NO,YES,1,0,0,0,0
2019-02-27,10:00,2019-02-27 10:00,3,10,1,2,58,27,9,30,Fair,0.70,0.00,29.87,NO,YES,1,1,0,1,0
2019-02-27,11:00,2019-02-27 11:00,3,11,1,2,58,27,9,32,Fair,0.59,5.00,29.87,NO,YES,0,0,0,0,0
2019-02-27,12:00,2019-02-27 12:00,3,12,1,2,58,27,9,32,Partly Cloudy,0.59,6.00,29.84,YES,NO,0,0,0,0,0
2019-02-27,13:00,2019-02-27 13:00,3,13,1,2,58,27,9,32,Partly Cloudy,0.59,6.00,29.81,NO,YES,1,1,0,0,0
2019-02-27,14:00,2019-02-27 14:00,3,14,1,2,58,27,9,34,Partly Cloudy,0.52,7.00,29.79,NO,YES,0,0,1,1,0
2019-02-27,15:00,2019-02-27 15:00,3,15,1,2,58,27,9,34,Partly Cloudy,0.49,7.00,29.76,NO,YES,0,0,0,0,1
2019-02-27,16:00,2019-02-27 16:00,3,16,1,2,58,27,9,33,Partly Cloudy,0.52,6.00,29.73,NO,NO,0,1,0,1,1
2019-02-27,17:00,2019-02-27 17:00,3,17,1,2,58,27,9,33,Fair,0.52,9.00,29.73,NO,NO,0,0,0,0,0
2019-02-27,18:00,2019-02-27 18:00,3,18,1,2,58,27,9,32,Fair,0.55,10.00,29.76,NO,NO,0,0,0,1,1
2019-02-27,19:00,2019-02-27 19:00,3,19,1,2,58,27,9,30,Fair,0.62,7.00,29.76,NO,NO,0,0,0,0,0
2019-02-27,20:00,2019-02-27 20:00,3,20,1,2,58,27,9,30,Fair,0.62,9.00,29.79,NO,NO,0,0,0,0,0
2019-02-28,7:00,2019-02-28 07:00,4,7,1,2,59,28,9,26,Fair,0.94,5.00,29.81,NO,NO,0,0,0,0,0
2019-02-28,8:00,2019-02-28 08:00,4,8,1,2,59,28,9,27,Fair,0.89,6.00,29.84,NO,NO,0,0,0,0,0
2019-02-28,9:00,2019-02-28 09:00,4,9,1,2,59,28,9,29,Fair,0.74,8.00,29.84,NO,YES,1,0,0,0,0
2019-02-28,10:00,2019-02-28 10:00,4,10,1,2,59,28,9,31,Fair,0.62,8.00,29.87,NO,YES,1,0,0,0,0
2019-02-28,11:00,2019-02-28 11:00,4,11,1,2,59,28,9,32,Fair,0.59,8.00,29.84,NO,YES,0,1,0,0,0
2019-02-28,12:00,2019-02-28 12:00,4,12,1,2,59,28,9,33,Partly Cloudy,0.55,9.00,29.81,YES,NO,0,0,0,1,0
2019-02-28,13:00,2019-02-28 13:00,4,13,1,2,59,28,9,33,Partly Cloudy,0.52,9.00,29.79,NO,YES,0,0,0,0,0
2019-02-28,14:00,2019-02-28 14:00,4,14,1,2,59,28,9,34,Partly Cloudy,0.49,9.00,29.79,NO,YES,0,0,0,0,0
2019-02-28,15:00,2019-02-28 15:00,4,15,1,2,59,28,9,34,Fair,0.46,9.00,29.76,NO,YES,0,0,0,0,0
2019-02-28,16:00,2019-02-28 16:00,4,16,1,2,59,28,9,34,Fair,0.49,8.00,29.73,NO,NO,0,1,0,0,0
2019-02-28,17:00,2019-02-28 17:00,4,17,1,2,59,28,9,34,Fair,0.49,9.00,29.73,NO,NO,0,0,0,0,0
2019-02-28,18:00,2019-02-28 18:00,4,18,1,2,59,28,9,31,Fair,0.62,10.00,29.76,NO,NO,0,0,0,0,0
2019-02-28,19:00,2019-02-28 19:00,4,19,1,2,59,28,9,30,Fair,0.62,12.00,29.76,NO,NO,0,0,0,0,0
2019-02-28,20:00,2019-02-28 20:00,4,20,1,2,59,28,9,29,Fair,0.70,9.00,29.79,NO,NO,0,0,0,0,0
2019-03-01,7:00,2019-03-01 07:00,5,7,1,3,60,1,9,26,Fair,0.94,6.00,29.84,NO,NO,1,0,1,0,0
2019-03-01,8:00,2019-03-01 08:00,5,8,1,3,60,1,9,27,Fair,0.89,6.00,29.87,NO,NO,3,0,1,0,0
2019-03-01,9:00,2019-03-01 09:00,5,9,1,3,60,1,9,30,Fair,0.74,6.00,29.87,NO,YES,2,0,1,0,0
2019-03-01,10:00,2019-03-01 10:00,5,10,1,3,60,1,9,32,Fair,0.62,9.00,29.90,NO,YES,0,0,0,0,0
2019-03-01,11:00,2019-03-01 11:00,5,11,1,3,60,1,9,33,Fair,0.59,8.00,29.87,NO,YES,1,0,0,0,0
2019-03-01,12:00,2019-03-01 12:00,5,12,1,3,60,1,9,34,Partly Cloudy,0.56,7.00,29.87,YES,NO,0,0,0,0,0
2019-03-01,13:00,2019-03-01 13:00,5,13,1,3,60,1,9,34,Partly Cloudy,0.52,10.00,29.81,NO,YES,0,0,0,0,0
2019-03-01,14:00,2019-03-01 14:00,5,14,1,3,60,1,9,34,Fair,0.56,10.00,29.79,NO,YES,0,0,0,0,1
2019-03-01,15:00,2019-03-01 15:00,5,15,1,3,60,1,9,34,Fair,0.49,10.00,29.76,NO,YES,0,2,0,0,0
2019-03-01,16:00,2019-03-01 16:00,5,16,1,3,60,1,9,34,Fair,0.49,10.00,29.76,NO,NO,0,0,0,0,0
2019-03-01,17:00,2019-03-01 17:00,5,17,1,3,60,1,9,34,Fair,0.46,10.00,29.76,NO,NO,0,0,0,0,1
2019-03-01,18:00,2019-03-01 18:00,5,18,1,3,60,1,9,32,Fair,0.59,10.00,29.76,NO,NO,0,0,0,0,0
2019-03-01,19:00,2019-03-01 19:00,5,19,1,3,60,1,9,30,Fair,0.66,10.00,29.79,NO,NO,0,0,0,0,0
2019-03-01,20:00,2019-03-01 20:00,5,20,1,3,60,1,9,30,Fair,0.70,10.00,29.79,NO,NO,0,0,0,0,0
2019-03-11,7:00,2019-03-11 07:00,1,7,1,3,70,11,11,25,Partly Cloudy,1.00,5.00,29.87,NO,NO,1,0,0,0,0
2019-03-11,8:00,2019-03-11 08:00,1,8,1,3,70,11,11,27,Fair,0.89,5.00,29.90,NO,NO,0,0,0,0,0
2019-03-11,9:00,2019-03-11 09:00,1,9,1,3,70,11,11,29,Fair,0.79,6.00,29.93,NO,YES,2,0,0,0,0
2019-03-11,10:00,2019-03-11 10:00,1,10,1,3,70,11,11,32,Fair,0.59,3.00,29.93,NO,YES,0,0,0,0,0
2019-03-11,11:00,2019-03-11 11:00,1,11,1,3,70,11,11,33,Fair,0.46,7.00,29.93,NO,YES,1,0,0,0,1
2019-03-11,12:00,2019-03-11 12:00,1,12,1,3,70,11,11,35,Fair,0.44,7.00,29.90,YES,NO,1,0,0,1,0
2019-03-11,13:00,2019-03-11 13:00,1,13,1,3,70,11,11,36,Fair,0.39,6.00,29.84,NO,YES,0,0,0,0,0
2019-03-11,14:00,2019-03-11 14:00,1,14,1,3,70,11,11,35,Fair,0.41,7.00,29.81,NO,YES,0,0,0,0,0
2019-03-11,15:00,2019-03-11 15:00,1,15,1,3,70,11,11,36,Partly Cloudy,0.32,6.00,29.79,NO,YES,0,0,0,0,0
2019-03-11,16:00,2019-03-11 16:00,1,16,1,3,70,11,11,35,Fair,0.47,5.00,29.76,NO,NO,0,2,1,0,0
2019-03-11,17:00,2019-03-11 17:00,1,17,1,3,70,11,11,35,Fair,0.44,9.00,29.76,NO,NO,0,0,1,0,0
2019-03-11,18:00,2019-03-11 18:00,1,18,1,3,70,11,11,34,Fair,0.41,9.00,29.79,NO,NO,0,0,0,0,0
2019-03-11,19:00,2019-03-11 19:00,1,19,1,3,70,11,11,32,Fair,0.55,8.00,29.79,NO,NO,0,0,0,0,0
2019-03-11,20:00,2019-03-11 20:00,1,20,1,3,70,11,11,30,Fair,0.66,9.00,29.79,NO,NO,0,0,0,0,0
2019-03-12,7:00,2019-03-12 07:00,2,7,1,3,71,12,11,25,Fair,1.00,3.00,29.87,NO,NO,0,0,0,0,0
2019-03-12,8:00,2019-03-12 08:00,2,8,1,3,71,12,11,26,Fair,0.94,5.00,29.90,NO,NO,2,0,0,0,0
2019-03-12,9:00,2019-03-12 09:00,2,9,1,3,71,12,11,29,Fair,0.84,6.00,29.90,NO,YES,1,0,0,0,0
2019-03-12,10:00,2019-03-12 10:00,2,10,1,3,71,12,11,32,Fair,0.66,5.00,29.90,NO,YES,0,0,1,0,0
2019-03-12,11:00,2019-03-12 11:00,2,11,1,3,71,12,11,34,Fair,0.28,6.00,29.90,NO,YES,0,0,0,0,0
2019-03-12,12:00,2019-03-12 12:00,2,12,1,3,71,12,11,36,Fair,0.23,6.00,29.87,YES,NO,0,0,0,0,0
2019-03-12,13:00,2019-03-12 13:00,2,13,1,3,71,12,11,37,Fair,0.18,8.00,29.84,NO,YES,1,0,0,0,0
2019-03-12,14:00,2019-03-12 14:00,2,14,1,3,71,12,11,38,Fair,0.17,7.00,29.81,NO,YES,0,1,0,0,0
2019-03-12,15:00,2019-03-12 15:00,2,15,1,3,71,12,11,37,Fair,0.19,9.00,29.79,NO,YES,0,1,0,0,1
2019-03-12,16:00,2019-03-12 16:00,2,16,1,3,71,12,11,37,Fair,0.29,10.00,29.76,NO,NO,1,2,0,0,1
2019-03-12,17:00,2019-03-12 17:00,2,17,1,3,71,12,11,37,Fair,0.22,7.00,29.76,NO,NO,0,0,0,0,0
2019-03-12,18:00,2019-03-12 18:00,2,18,1,3,71,12,11,35,Fair,0.25,10.00,29.76,NO,NO,0,0,0,0,0
2019-03-12,19:00,2019-03-12 19:00,2,19,1,3,71,12,11,33,Fair,0.34,6.00,29.79,NO,NO,0,0,0,0,0
2019-03-12,20:00,2019-03-12 20:00,2,20,1,3,71,12,11,31,Fair,0.35,6.00,29.81,NO,NO,0,0,0,0,0
2019-03-13,7:00,2019-03-13 07:00,3,7,1,3,72,13,11,25,Fog,0.94,5.00,29.87,NO,NO,1,0,1,0,0
2019-03-13,8:00,2019-03-13 08:00,3,8,1,3,72,13,11,27,Fog,0.89,5.00,29.90,NO,NO,2,0,0,0,0
2019-03-13,9:00,2019-03-13 09:00,3,9,1,3,72,13,11,29,Fair,0.84,6.00,29.93,NO,YES,1,0,0,0,0
2019-03-13,10:00,2019-03-13 10:00,3,10,1,3,72,13,11,31,Fair,0.75,5.00,29.93,NO,YES,1,0,0,0,0
2019-03-13,11:00,2019-03-13 11:00,3,11,1,3,72,13,11,34,Fair,0.52,6.00,29.90,NO,YES,1,0,0,0,0
2019-03-13,12:00,2019-03-13 12:00,3,12,1,3,72,13,11,36,Fair,0.41,8.00,29.90,YES,NO,1,0,1,0,0
2019-03-13,13:00,2019-03-13 13:00,3,13,1,3,72,13,11,35,Fair,0.41,7.00,29.84,NO,YES,0,0,0,0,0
2019-03-13,14:00,2019-03-13 14:00,3,14,1,3,72,13,11,37,Fair,0.37,9.00,29.81,NO,YES,0,0,0,1,0
2019-03-13,15:00,2019-03-13 15:00,3,15,1,3,72,13,11,37,Fair,0.37,14.00,29.79,NO,YES,0,0,0,0,0
2019-03-13,16:00,2019-03-13 16:00,3,16,1,3,72,13,11,36,Fair,0.39,10.00,29.79,NO,NO,0,0,0,0,1
2019-03-13,17:00,2019-03-13 17:00,3,17,1,3,72,13,11,36,Fair,0.30,10.00,29.79,NO,NO,0,1,0,0,0
2019-03-13,18:00,2019-03-13 18:00,3,18,1,3,72,13,11,33,Fair,0.49,10.00,29.81,NO,NO,0,0,0,0,0
2019-03-13,19:00,2019-03-13 19:00,3,19,1,3,72,13,11,31,Fair,0.62,9.00,29.81,NO,NO,0,0,0,0,0
2019-03-13,20:00,2019-03-13 20:00,3,20,1,3,72,13,11,30,Fair,0.74,9.00,29.84,NO,NO,0,0,0,0,0
2019-03-14,7:00,2019-03-14 07:00,4,7,1,3,73,14,11,26,Fair,0.94,7.00,29.90,NO,NO,0,0,0,0,0
2019-03-14,8:00,2019-03-14 08:00,4,8,1,3,73,14,11,27,Fair,0.89,8.00,29.93,NO,NO,0,0,0,0,0
2019-03-14,9:00,2019-03-14 09:00,4,9,1,3,73,14,11,29,Fair,0.79,8.00,29.96,NO,YES,2,0,1,0,0
2019-03-14,10:00,2019-03-14 10:00,4,10,1,3,73,14,11,31,Fair,0.70,8.00,29.96,NO,YES,0,0,0,0,0
2019-03-14,11:00,2019-03-14 11:00,4,11,1,3,73,14,11,34,Fair,0.56,8.00,29.93,NO,YES,0,1,1,0,1
2019-03-14,12:00,2019-03-14 12:00,4,12,1,3,73,14,11,34,Fair,0.52,9.00,29.93,YES,NO,1,0,1,0,0
2019-03-14,13:00,2019-03-14 13:00,4,13,1,3,73,14,11,35,Fair,0.49,10.00,29.87,NO,YES,0,0,0,0,0
2019-03-14,14:00,2019-03-14 14:00,4,14,1,3,73,14,11,35,Fair,0.49,8.00,29.84,NO,YES,0,0,0,0,0
2019-03-14,15:00,2019-03-14 15:00,4,15,1,3,73,14,11,35,Fair,0.49,9.00,29.81,NO,YES,0,0,1,1,0
2019-03-14,16:00,2019-03-14 16:00,4,16,1,3,73,14,11,35,Fair,0.49,9.00,29.81,NO,NO,0,0,0,1,0
2019-03-14,17:00,2019-03-14 17:00,4,17,1,3,73,14,11,34,Fair,0.49,12.00,29.81,NO,NO,0,0,0,0,0
2019-03-14,18:00,2019-03-14 18:00,4,18,1,3,73,14,11,32,Fair,0.62,12.00,29.84,NO,NO,0,1,0,1,0
2019-03-14,19:00,2019-03-14 19:00,4,19,1,3,73,14,11,30,Fair,0.66,9.00,29.84,NO,NO,0,0,0,0,0
2019-03-14,20:00,2019-03-14 20:00,4,20,1,3,73,14,11,30,Fair,0.66,9.00,29.87,NO,NO,0,0,0,0,0
2019-03-15,7:00,2019-03-15 07:00,5,7,1,3,74,15,11,27,Fair,0.89,6.00,29.90,NO,NO,1,0,1,0,0
2019-03-15,8:00,2019-03-15 08:00,5,8,1,3,74,15,11,28,Fair,0.84,7.00,29.93,NO,NO,1,0,0,0,0
2019-03-15,9:00,2019-03-15 09:00,5,9,1,3,74,15,11,30,Fair,0.74,5.00,29.96,NO,YES,1,0,0,0,0
2019-03-15,10:00,2019-03-15 10:00,5,10,1,3,74,15,11,32,Fair,0.59,9.00,29.96,NO,YES,0,0,0,0,0
2019-03-15,11:00,2019-03-15 11:00,5,11,1,3,74,15,11,34,Fair,0.52,8.00,29.96,NO,YES,0,0,0,1,0
2019-03-15,12:00,2019-03-15 12:00,5,12,1,3,74,15,11,35,Fair,0.47,8.00,29.93,YES,NO,0,0,0,0,1
2019-03-15,13:00,2019-03-15 13:00,5,13,1,3,74,15,11,36,Fair,0.41,7.00,29.90,NO,YES,0,0,0,0,0
2019-03-15,14:00,2019-03-15 14:00,5,14,1,3,74,15,11,36,Fair,0.39,9.00,29.87,NO,YES,0,0,0,2,0
2019-03-15,15:00,2019-03-15 15:00,5,15,1,3,74,15,11,36,Fair,0.34,12.00,29.84,NO,YES,0,0,0,0,0
2019-03-15,16:00,2019-03-15 16:00,5,16,1,3,74,15,11,35,Fair,0.44,10.00,29.81,NO,NO,0,0,0,0,0
2019-03-15,17:00,2019-03-15 17:00,5,17,1,3,74,15,11,34,Fair,0.46,9.00,29.81,NO,NO,0,0,0,0,0
2019-03-15,18:00,2019-03-15 18:00,5,18,1,3,74,15,11,33,Fair,0.38,8.00,29.81,NO,NO,0,0,0,0,0
2019-03-15,19:00,2019-03-15 19:00,5,19,1,3,74,15,11,32,Fair,0.52,7.00,29.84,NO,NO,0,0,0,0,0
2019-03-15,20:00,2019-03-15 20:00,5,20,1,3,74,15,11,30,Fair,0.66,8.00,29.84,NO,NO,0,0,0,0,0
2019-03-18,7:00,2019-03-18 07:00,1,7,1,3,77,18,12,27,Fair,0.94,6.00,29.87,NO,NO,0,0,1,0,0
2019-03-18,8:00,2019-03-18 08:00,1,8,1,3,77,18,12,28,Fair,0.84,6.00,29.90,NO,NO,0,0,0,0,0
2019-03-18,9:00,2019-03-18 09:00,1,9,1,3,77,18,12,30,Fair,0.79,7.00,29.90,NO,YES,1,0,0,0,0
2019-03-18,10:00,2019-03-18 10:00,1,10,1,3,77,18,12,33,Fair,0.63,8.00,29.90,NO,YES,0,0,1,0,0
2019-03-18,11:00,2019-03-18 11:00,1,11,1,3,77,18,12,34,Fair,0.56,7.00,29.90,NO,YES,0,0,0,0,0
2019-03-18,12:00,2019-03-18 12:00,1,12,1,3,77,18,12,35,Fair,0.53,8.00,29.87,YES,NO,2,0,1,0,0
2019-03-18,13:00,2019-03-18 13:00,1,13,1,3,77,18,12,35,Fair,0.53,9.00,29.84,NO,YES,0,0,0,0,1
2019-03-18,14:00,2019-03-18 14:00,1,14,1,3,77,18,12,35,Fair,0.53,10.00,29.81,NO,YES,0,0,0,0,0
2019-03-18,15:00,2019-03-18 15:00,1,15,1,3,77,18,12,36,Fair,0.50,9.00,29.79,NO,YES,0,0,0,0,1
2019-03-18,16:00,2019-03-18 16:00,1,16,1,3,77,18,12,35,Fair,0.53,12.00,29.76,NO,NO,0,0,0,0,0
2019-03-18,17:00,2019-03-18 17:00,1,17,1,3,77,18,12,34,Fair,0.56,12.00,29.76,NO,NO,0,0,0,0,0
2019-03-18,18:00,2019-03-18 18:00,1,18,1,3,77,18,12,32,Fair,0.59,14.00,29.76,NO,NO,0,0,0,0,0
2019-03-18,19:00,2019-03-18 19:00,1,19,1,3,77,18,12,30,Fair,0.70,8.00,29.79,NO,NO,0,0,0,0,0
2019-03-18,20:00,2019-03-18 20:00,1,20,1,3,77,18,12,30,Fair,0.70,8.00,29.81,NO,NO,0,0,0,0,0
2019-03-19,7:00,2019-03-19 07:00,2,7,1,3,78,19,12,28,Fair,0.84,6.00,29.84,NO,NO,0,0,0,0,0
2019-03-19,8:00,2019-03-19 08:00,2,8,1,3,78,19,12,30,Fair,0.74,8.00,29.87,NO,NO,1,0,0,0,0
2019-03-19,9:00,2019-03-19 09:00,2,9,1,3,78,19,12,31,Fair,0.70,9.00,29.87,NO,YES,1,0,1,0,0
2019-03-19,10:00,2019-03-19 10:00,2,10,1,3,78,19,12,33,Fair,0.63,12.00,29.90,NO,YES,0,0,0,1,1
2019-03-19,11:00,2019-03-19 11:00,2,11,1,3,78,19,12,34,Fair,0.56,9.00,29.87,NO,YES,1,0,1,0,0
2019-03-19,12:00,2019-03-19 12:00,2,12,1,3,78,19,12,35,Partly Cloudy,0.49,9.00,29.87,YES,NO,2,0,0,0,0
2019-03-19,13:00,2019-03-19 13:00,2,13,1,3,78,19,12,35,Fair,0.49,12.00,29.81,NO,YES,1,0,0,0,0
2019-03-19,14:00,2019-03-19 14:00,2,14,1,3,78,19,12,36,Fair,0.44,10.00,29.79,NO,YES,0,0,0,0,0
2019-03-19,15:00,2019-03-19 15:00,2,15,1,3,78,19,12,36,Fair,0.44,9.00,29.76,NO,YES,0,0,0,1,0
2019-03-19,16:00,2019-03-19 16:00,2,16,1,3,78,19,12,35,Fair,0.47,9.00,29.73,NO,NO,0,1,0,0,0
2019-03-19,17:00,2019-03-19 17:00,2,17,1,3,78,19,12,34,Fair,0.46,12.00,29.73,NO,NO,0,1,0,0,0
2019-03-19,18:00,2019-03-19 18:00,2,18,1,3,78,19,12,33,Fair,0.52,12.00,29.76,NO,NO,0,0,0,0,0
2019-03-19,19:00,2019-03-19 19:00,2,19,1,3,78,19,12,31,Fair,0.62,8.00,29.76,NO,NO,0,0,0,0,0
2019-03-19,20:00,2019-03-19 20:00,2,20,1,3,78,19,12,30,Fair,0.70,10.00,29.79,NO,NO,0,0,0,0,0
2019-03-20,7:00,2019-03-20 07:00,3,7,1,3,79,20,12,27,Fair,0.89,6.00,29.84,NO,NO,0,0,1,0,0
2019-03-20,8:00,2019-03-20 08:00,3,8,1,3,79,20,12,28,Fair,0.84,6.00,29.87,NO,NO,1,0,0,0,0
2019-03-20,9:00,2019-03-20 09:00,3,9,1,3,79,20,12,30,Partly Cloudy,0.74,9.00,29.87,NO,YES,2,0,0,0,0
2019-03-20,10:00,2019-03-20 10:00,3,10,1,3,79,20,12,32,Partly Cloudy,0.66,10.00,29.90,NO,YES,1,0,0,0,0
2019-03-20,11:00,2019-03-20 11:00,3,11,1,3,79,20,12,34,Partly Cloudy,0.59,9.00,29.87,NO,YES,0,0,0,1,0
2019-03-20,12:00,2019-03-20 12:00,3,12,1,3,79,20,12,35,Partly Cloudy,0.53,10.00,29.84,YES,NO,1,0,0,0,0
2019-03-20,13:00,2019-03-20 13:00,3,13,1,3,79,20,12,35,Partly Cloudy,0.53,9.00,29.81,NO,YES,1,0,2,0,0
2019-03-20,14:00,2019-03-20 14:00,3,14,1,3,79,20,12,35,Fair,0.53,12.00,29.79,NO,YES,0,0,0,1,0
2019-03-20,15:00,2019-03-20 15:00,3,15,1,3,79,20,12,35,Fair,0.49,10.00,29.76,NO,YES,0,0,0,1,0
2019-03-20,16:00,2019-03-20 16:00,3,16,1,3,79,20,12,35,Fair,0.47,10.00,29.73,NO,NO,0,0,0,0,1
2019-03-20,17:00,2019-03-20 17:00,3,17,1,3,79,20,12,34,Fair,0.52,10.00,29.73,NO,NO,0,0,0,0,0
2019-03-20,18:00,2019-03-20 18:00,3,18,1,3,79,20,12,32,Fair,0.59,9.00,29.76,NO,NO,0,0,0,0,0
2019-03-20,19:00,2019-03-20 19:00,3,19,1,3,79,20,12,31,Fair,0.66,10.00,29.76,NO,NO,0,0,0,0,0
2019-03-20,20:00,2019-03-20 20:00,3,20,1,3,79,20,12,29,Fair,0.79,12.00,29.79,NO,NO,0,0,0,0,0
2019-03-21,7:00,2019-03-21 07:00,4,7,1,3,80,21,12,27,Fair,0.89,5.00,29.84,NO,NO,0,0,0,0,0
2019-03-21,8:00,2019-03-21 08:00,4,8,1,3,80,21,12,28,Fair,0.89,6.00,29.84,NO,NO,1,0,0,0,0
2019-03-21,9:00,2019-03-21 09:00,4,9,1,3,80,21,12,31,Fair,0.75,8.00,29.87,NO,YES,3,0,0,0,0
2019-03-21,10:00,2019-03-21 10:00,4,10,1,3,80,21,12,33,Fair,0.63,8.00,29.87,NO,YES,1,0,0,0,0
2019-03-21,11:00,2019-03-21 11:00,4,11,1,3,80,21,12,34,Fair,0.59,7.00,29.87,NO,YES,1,1,0,0,0
2019-03-21,12:00,2019-03-21 12:00,4,12,1,3,80,21,12,35,Fair,0.53,8.00,29.84,YES,NO,1,0,0,1,0
2019-03-21,13:00,2019-03-21 13:00,4,13,1,3,80,21,12,35,Partly Cloudy,0.53,7.00,29.81,NO,YES,0,0,0,0,0
2019-03-21,14:00,2019-03-21 14:00,4,14,1,3,80,21,12,36,Partly Cloudy,0.50,7.00,29.76,NO,YES,0,0,0,1,0
2019-03-21,15:00,2019-03-21 15:00,4,15,1,3,80,21,12,37,Partly Cloudy,0.47,5.00,29.73,NO,YES,0,1,0,0,2
2019-03-21,16:00,2019-03-21 16:00,4,16,1,3,80,21,12,31,Light Rain with Thunder,0.66,24.00,29.73,NO,NO,0,1,0,0,0
2019-03-21,17:00,2019-03-21 17:00,4,17,1,3,80,21,12,32,Partly Cloudy,0.66,12.00,29.73,NO,NO,0,0,0,0,0
2019-03-21,18:00,2019-03-21 18:00,4,18,1,3,80,21,12,33,Partly Cloudy,0.63,5.00,29.73,NO,NO,0,0,0,0,1
2019-03-21,19:00,2019-03-21 19:00,4,19,1,3,80,21,12,31,Partly Cloudy,0.66,7.00,29.73,NO,NO,0,0,0,0,0
2019-03-21,20:00,2019-03-21 20:00,4,20,1,3,80,21,12,30,Partly Cloudy,0.74,6.00,29.76,NO,NO,0,0,0,0,0
2019-03-22,7:00,2019-03-22 07:00,5,7,1,3,81,22,12,27,Fair,0.94,7.00,29.81,NO,NO,0,0,0,0,1
2019-03-22,8:00,2019-03-22 08:00,5,8,1,3,81,22,12,28,Fair,0.84,6.00,29.84,NO,NO,1,0,0,0,0
2019-03-22,9:00,2019-03-22 09:00,5,9,1,3,81,22,12,30,Fair,0.79,8.00,29.84,NO,YES,2,0,0,0,0
2019-03-22,10:00,2019-03-22 10:00,5,10,1,3,81,22,12,33,Fair,0.66,7.00,29.84,NO,YES,0,0,0,0,0
2019-03-22,11:00,2019-03-22 11:00,5,11,1,3,81,22,12,34,Fair,0.46,6.00,29.84,NO,YES,0,1,0,1,0
2019-03-22,12:00,2019-03-22 12:00,5,12,1,3,81,22,12,35,Fair,0.44,8.00,29.81,YES,NO,0,1,0,0,0
2019-03-22,13:00,2019-03-22 13:00,5,13,1,3,81,22,12,37,Fair,0.37,7.00,29.79,NO,YES,0,1,0,0,0
2019-03-22,14:00,2019-03-22 14:00,5,14,1,3,81,22,12,38,Fair,0.33,7.00,29.76,NO,YES,1,0,0,2,0
2019-03-22,15:00,2019-03-22 15:00,5,15,1,3,81,22,12,39,Fair,0.27,7.00,29.73,NO,YES,0,1,0,1,0
2019-03-22,16:00,2019-03-22 16:00,5,16,1,3,81,22,12,37,Fair,0.42,9.00,29.70,NO,NO,0,0,0,0,0
2019-03-22,17:00,2019-03-22 17:00,5,17,1,3,81,22,12,36,Fair,0.50,9.00,29.70,NO,NO,0,0,0,1,0
2019-03-22,18:00,2019-03-22 18:00,5,18,1,3,81,22,12,35,Fair,0.53,10.00,29.70,NO,NO,0,0,0,0,0
2019-03-22,19:00,2019-03-22 19:00,5,19,1,3,81,22,12,33,Fair,0.52,7.00,29.70,NO,NO,0,0,0,0,0
2019-03-22,20:00,2019-03-22 20:00,5,20,1,3,81,22,12,32,Fair,0.59,10.00,29.76,NO,NO,0,0,0,0,0
2019-03-25,7:00,2019-03-25 07:00,1,7,1,3,84,25,13,27,Mostly Cloudy,0.84,7.00,29.84,NO,NO,0,0,1,0,0
2019-03-25,8:00,2019-03-25 08:00,1,8,1,3,84,25,13,28,Mostly Cloudy,0.84,7.00,29.87,NO,NO,1,0,0,0,0
2019-03-25,9:00,2019-03-25 09:00,1,9,1,3,84,25,13,30,Mostly Cloudy,0.74,8.00,29.87,NO,YES,0,0,0,0,0
2019-03-25,10:00,2019-03-25 10:00,1,10,1,3,84,25,13,30,Mostly Cloudy,0.74,12.00,29.90,NO,YES,0,0,0,0,0
2019-03-25,11:00,2019-03-25 11:00,1,11,1,3,84,25,13,31,Mostly Cloudy,0.70,10.00,29.90,NO,YES,0,0,0,0,0
2019-03-25,12:00,2019-03-25 12:00,1,12,1,3,84,25,13,30,Cloudy,0.70,15.00,29.90,YES,NO,0,0,1,0,0
2019-03-25,13:00,2019-03-25 13:00,1,13,1,3,84,25,13,29,Mostly Cloudy,0.74,14.00,29.87,NO,YES,0,0,0,0,0
2019-03-25,14:00,2019-03-25 14:00,1,14,1,3,84,25,13,30,Mostly Cloudy,0.70,10.00,29.84,NO,YES,0,1,0,0,0
2019-03-25,15:00,2019-03-25 15:00,1,15,1,3,84,25,13,31,Mostly Cloudy,0.66,9.00,29.81,NO,YES,0,1,0,0,0
2019-03-25,16:00,2019-03-25 16:00,1,16,1,3,84,25,13,31,Mostly Cloudy,0.66,9.00,29.81,NO,NO,0,0,0,0,0
2019-03-25,17:00,2019-03-25 17:00,1,17,1,3,84,25,13,30,Mostly Cloudy,0.70,12.00,29.81,NO,NO,0,0,0,0,0
2019-03-25,18:00,2019-03-25 18:00,1,18,1,3,84,25,13,29,Mostly Cloudy,0.74,12.00,29.84,NO,NO,0,0,0,0,0
2019-03-25,19:00,2019-03-25 19:00,1,19,1,3,84,25,13,28,Mostly Cloudy,0.79,10.00,29.84,NO,NO,0,0,0,0,0
2019-03-25,20:00,2019-03-25 20:00,1,20,1,3,84,25,13,28,Mostly Cloudy,0.79,9.00,29.87,NO,NO,0,0,0,0,0
2019-03-26,7:00,2019-03-26 07:00,2,7,1,3,85,26,13,26,Fair,0.94,6.00,29.87,NO,NO,0,0,1,0,0
2019-03-26,8:00,2019-03-26 08:00,2,8,1,3,85,26,13,28,Fair,0.84,7.00,29.90,NO,NO,0,0,1,0,0
2019-03-26,9:00,2019-03-26 09:00,2,9,1,3,85,26,13,30,Fair,0.74,3.00,29.93,NO,YES,1,0,0,0,0
2019-03-26,10:00,2019-03-26 10:00,2,10,1,3,85,26,13,32,Fair,0.66,3.00,29.93,NO,YES,1,1,0,0,0
2019-03-26,11:00,2019-03-26 11:00,2,11,1,3,85,26,13,33,Fair,0.55,6.00,29.90,NO,YES,0,0,0,1,0
2019-03-26,12:00,2019-03-26 12:00,2,12,1,3,85,26,13,33,Partly Cloudy,0.59,6.00,29.90,YES,NO,2,0,1,0,0
2019-03-26,13:00,2019-03-26 13:00,2,13,1,3,85,26,13,34,Partly Cloudy,0.52,8.00,29.84,NO,YES,0,1,0,0,0
2019-03-26,14:00,2019-03-26 14:00,2,14,1,3,85,26,13,36,Partly Cloudy,0.47,8.00,29.81,NO,YES,0,0,0,0,0
2019-03-26,15:00,2019-03-26 15:00,2,15,1,3,85,26,13,36,Fair,0.44,8.00,29.81,NO,YES,0,1,0,1,0
2019-03-26,16:00,2019-03-26 16:00,2,16,1,3,85,26,13,36,Fair,0.39,8.00,29.79,NO,NO,0,0,0,0,1
2019-03-26,17:00,2019-03-26 17:00,2,17,1,3,85,26,13,35,Fair,0.49,6.00,29.79,NO,NO,0,1,0,0,1
2019-03-26,18:00,2019-03-26 18:00,2,18,1,3,85,26,13,32,Fair,0.62,12.00,29.81,NO,NO,0,0,0,0,0
2019-03-26,19:00,2019-03-26 19:00,2,19,1,3,85,26,13,31,Fair,0.66,8.00,29.84,NO,NO,0,0,0,0,0
2019-03-26,20:00,2019-03-26 20:00,2,20,1,3,85,26,13,30,Fair,0.70,8.00,29.84,NO,NO,0,0,0,0,0
2019-03-27,7:00,2019-03-27 07:00,3,7,1,3,86,27,13,28,Fair,0.89,0.00,29.90,NO,NO,1,0,1,0,0
2019-03-27,8:00,2019-03-27 08:00,3,8,1,3,86,27,13,30,Fair,0.79,3.00,29.93,NO,NO,1,0,0,0,0
2019-03-27,9:00,2019-03-27 09:00,3,9,1,3,86,27,13,31,Fair,0.70,5.00,29.96,NO,YES,0,0,0,0,0
2019-03-27,10:00,2019-03-27 10:00,3,10,1,3,86,27,13,32,Fair,0.66,6.00,29.96,NO,YES,1,0,0,0,0
2019-03-27,11:00,2019-03-27 11:00,3,11,1,3,86,27,13,34,Fair,0.56,6.00,29.93,NO,YES,0,0,0,0,0
2019-03-27,12:00,2019-03-27 12:00,3,12,1,3,86,27,13,34,Partly Cloudy,0.56,6.00,29.90,YES,NO,0,0,0,0,0
2019-03-27,13:00,2019-03-27 13:00,3,13,1,3,86,27,13,34,Mostly Cloudy,0.56,9.00,29.87,NO,YES,0,0,0,1,0
2019-03-27,14:00,2019-03-27 14:00,3,14,1,3,86,27,13,34,Partly Cloudy,0.56,7.00,29.84,NO,YES,0,0,0,0,0
2019-03-27,15:00,2019-03-27 15:00,3,15,1,3,86,27,13,35,Partly Cloudy,0.53,10.00,29.79,NO,YES,0,0,0,0,0
2019-03-27,16:00,2019-03-27 16:00,3,16,1,3,86,27,13,34,Partly Cloudy,0.52,10.00,29.79,NO,NO,0,1,0,1,0
2019-03-27,17:00,2019-03-27 17:00,3,17,1,3,86,27,13,32,Partly Cloudy,0.62,13.00,29.79,NO,NO,0,0,0,0,0
2019-03-27,18:00,2019-03-27 18:00,3,18,1,3,86,27,13,31,Partly Cloudy,0.66,12.00,29.81,NO,NO,0,0,0,0,1
2019-03-27,19:00,2019-03-27 19:00,3,19,1,3,86,27,13,30,Partly Cloudy,0.70,12.00,29.81,NO,NO,0,0,0,0,0
2019-03-27,20:00,2019-03-27 20:00,3,20,1,3,86,27,13,29,Fair,0.79,15.00,29.84,NO,NO,0,0,0,0,0
2019-03-28,7:00,2019-03-28 07:00,4,7,1,3,87,28,13,28,Fair,0.89,5.00,29.87,NO,NO,0,0,0,0,0
2019-03-28,8:00,2019-03-28 08:00,4,8,1,3,87,28,13,28,Fair,0.89,7.00,29.90,NO,NO,1,0,0,0,0
2019-03-28,9:00,2019-03-28 09:00,4,9,1,3,87,28,13,30,Partly Cloudy,0.79,5.00,29.90,NO,YES,1,0,0,0,0
2019-03-28,10:00,2019-03-28 10:00,4,10,1,3,87,28,13,33,Partly Cloudy,0.59,6.00,29.90,NO,YES,0,0,0,0,0
2019-03-28,11:00,2019-03-28 11:00,4,11,1,3,87,28,13,34,Partly Cloudy,0.52,5.00,29.87,NO,YES,0,0,0,0,0
2019-03-28,12:00,2019-03-28 12:00,4,12,1,3,87,28,13,35,Fair,0.49,8.00,29.84,YES,NO,0,1,0,0,0
2019-03-28,13:00,2019-03-28 13:00,4,13,1,3,87,28,13,37,Fair,0.44,6.00,29.81,NO,YES,0,0,0,1,0
2019-03-28,14:00,2019-03-28 14:00,4,14,1,3,87,28,13,37,Partly Cloudy,0.42,10.00,29.79,NO,YES,0,1,0,0,0
2019-03-28,15:00,2019-03-28 15:00,4,15,1,3,87,28,13,35,Partly Cloudy,0.53,13.00,29.76,NO,YES,0,1,0,0,0
2019-03-28,16:00,2019-03-28 16:00,4,16,1,3,87,28,13,35,Partly Cloudy,0.49,9.00,29.73,NO,NO,0,2,0,0,3
2019-03-28,17:00,2019-03-28 17:00,4,17,1,3,87,28,13,35,Fair,0.49,9.00,29.73,NO,NO,0,0,0,1,0
2019-03-28,18:00,2019-03-28 18:00,4,18,1,3,87,28,13,33,Fair,0.59,10.00,29.76,NO,NO,0,0,0,0,0
2019-03-28,19:00,2019-03-28 19:00,4,19,1,3,87,28,13,31,Fair,0.66,12.00,29.76,NO,NO,0,0,0,0,0
2019-03-28,20:00,2019-03-28 20:00,4,20,1,3,87,28,13,31,Fair,0.70,12.00,29.79,NO,NO,0,0,0,0,0
2019-03-29,7:00,2019-03-29 07:00,5,7,1,3,88,29,13,29,Fair,0.84,6.00,29.81,NO,NO,0,0,0,0,0
2019-03-29,8:00,2019-03-29 08:00,5,8,1,3,88,29,13,31,Fair,0.75,8.00,29.81,NO,NO,1,0,0,0,0
2019-03-29,9:00,2019-03-29 09:00,5,9,1,3,88,29,13,33,Fair,0.63,9.00,29.84,NO,YES,1,0,0,0,0
2019-03-29,10:00,2019-03-29 10:00,5,10,1,3,88,29,13,33,Fair,0.63,8.00,29.84,NO,YES,0,0,0,0,0
2019-03-29,11:00,2019-03-29 11:00,5,11,1,3,88,29,13,34,Partly Cloudy,0.52,6.00,29.84,NO,YES,0,0,1,0,0
2019-03-29,12:00,2019-03-29 12:00,5,12,1,3,88,29,13,35,Partly Cloudy,0.53,8.00,29.81,YES,NO,0,0,0,0,0
2019-03-29,13:00,2019-03-29 13:00,5,13,1,3,88,29,13,35,Partly Cloudy,0.53,7.00,29.79,NO,YES,0,0,0,0,0
2019-03-29,14:00,2019-03-29 14:00,5,14,1,3,88,29,13,35,Partly Cloudy,0.53,8.00,29.76,NO,YES,0,0,0,0,0
2019-03-29,15:00,2019-03-29 15:00,5,15,1,3,88,29,13,35,Fair,0.53,13.00,29.73,NO,YES,0,0,0,1,1
2019-03-29,16:00,2019-03-29 16:00,5,16,1,3,88,29,13,35,Fair,0.53,10.00,29.70,NO,NO,0,1,0,0,0
2019-03-29,17:00,2019-03-29 17:00,5,17,1,3,88,29,13,35,Fair,0.53,9.00,29.70,NO,NO,0,0,0,1,1
2019-03-29,18:00,2019-03-29 18:00,5,18,1,3,88,29,13,33,Fair,0.59,10.00,29.70,NO,NO,0,0,0,0,1
2019-03-29,19:00,2019-03-29 19:00,5,19,1,3,88,29,13,31,Fair,0.70,13.00,29.73,NO,NO,0,0,0,0,0
2019-03-29,20:00,2019-03-29 20:00,5,20,1,3,88,29,13,30,Fair,0.74,10.00,29.76,NO,NO,0,0,0,0,0
2019-04-01,7:00,2019-04-01 07:00,1,7,2,4,91,1,14,26,Fair,0.83,8.00,29.87,NO,NO,1,0,1,0,0
2019-04-01,8:00,2019-04-01 08:00,1,8,2,4,91,1,14,27,Fair,0.79,8.00,29.90,NO,NO,1,0,0,0,0
2019-04-01,9:00,2019-04-01 09:00,1,9,2,4,91,1,14,30,Fair,0.70,8.00,29.90,NO,YES,1,0,0,0,0
2019-04-01,10:00,2019-04-01 10:00,1,10,2,4,91,1,14,32,Fair,0.66,8.00,29.90,NO,YES,0,0,0,0,0
2019-04-01,11:00,2019-04-01 11:00,1,11,2,4,91,1,14,34,Fair,0.56,7.00,29.90,NO,YES,1,2,0,0,0
2019-04-01,12:00,2019-04-01 12:00,1,12,2,4,91,1,14,34,Partly Cloudy,0.52,7.00,29.90,YES,NO,0,0,2,0,0
2019-04-01,13:00,2019-04-01 13:00,1,13,2,4,91,1,14,36,Partly Cloudy,0.47,9.00,29.84,NO,YES,0,0,0,0,0
2019-04-01,14:00,2019-04-01 14:00,1,14,2,4,91,1,14,36,Partly Cloudy,0.44,7.00,29.81,NO,YES,1,1,0,0,0
2019-04-01,15:00,2019-04-01 15:00,1,15,2,4,91,1,14,35,Partly Cloudy,0.47,9.00,29.79,NO,YES,0,0,0,0,0
2019-04-01,16:00,2019-04-01 16:00,1,16,2,4,91,1,14,36,Fair,0.41,9.00,29.76,NO,NO,0,0,0,1,2
2019-04-01,17:00,2019-04-01 17:00,1,17,2,4,91,1,14,35,Fair,0.44,12.00,29.79,NO,NO,0,0,0,0,0
2019-04-01,18:00,2019-04-01 18:00,1,18,2,4,91,1,14,33,Fair,0.49,10.00,29.79,NO,NO,0,0,0,0,0
2019-04-01,19:00,2019-04-01 19:00,1,19,2,4,91,1,14,31,Fair,0.58,9.00,29.81,NO,NO,0,0,0,0,0
2019-04-01,20:00,2019-04-01 20:00,1,20,2,4,91,1,14,31,Fair,0.62,8.00,29.84,NO,NO,0,0,0,0,0
2019-04-02,7:00,2019-04-02 07:00,2,7,2,4,92,2,14,26,Fair,0.83,7.00,29.87,NO,NO,1,0,0,0,0
2019-04-02,8:00,2019-04-02 08:00,2,8,2,4,92,2,14,27,Fair,0.79,7.00,29.90,NO,NO,1,0,0,0,0
2019-04-02,9:00,2019-04-02 09:00,2,9,2,4,92,2,14,29,Fair,0.74,7.00,29.93,NO,YES,0,0,0,0,1
2019-04-02,10:00,2019-04-02 10:00,2,10,2,4,92,2,14,31,Fair,0.70,5.00,29.90,NO,YES,0,0,0,0,0
2019-04-02,11:00,2019-04-02 11:00,2,11,2,4,92,2,14,33,Fair,0.63,6.00,29.90,NO,YES,0,0,0,0,0
2019-04-02,12:00,2019-04-02 12:00,2,12,2,4,92,2,14,34,Fair,0.56,6.00,29.87,YES,NO,0,0,0,0,0
2019-04-02,13:00,2019-04-02 13:00,2,13,2,4,92,2,14,36,Fair,0.50,8.00,29.81,NO,YES,0,0,0,0,0
2019-04-02,14:00,2019-04-02 14:00,2,14,2,4,92,2,14,34,Fair,0.52,8.00,29.81,NO,YES,0,0,0,0,0
2019-04-02,15:00,2019-04-02 15:00,2,15,2,4,92,2,14,36,Partly Cloudy,0.44,8.00,29.76,NO,YES,1,0,0,0,0
2019-04-02,16:00,2019-04-02 16:00,2,16,2,4,92,2,14,35,Partly Cloudy,0.47,8.00,29.73,NO,NO,0,0,0,0,0
2019-04-02,17:00,2019-04-02 17:00,2,17,2,4,92,2,14,35,Partly Cloudy,0.47,7.00,29.76,NO,NO,0,1,0,2,1
2019-04-02,18:00,2019-04-02 18:00,2,18,2,4,92,2,14,33,Fair,0.59,10.00,29.76,NO,NO,0,0,0,0,1
2019-04-02,19:00,2019-04-02 19:00,2,19,2,4,92,2,14,32,Fair,0.62,12.00,29.79,NO,NO,0,0,0,0,0
2019-04-02,20:00,2019-04-02 20:00,2,20,2,4,92,2,14,30,Fair,0.74,9.00,29.81,NO,NO,0,0,0,0,0
2019-04-03,7:00,2019-04-03 07:00,3,7,2,4,93,3,14,28,Fair,0.79,3.00,29.87,NO,NO,0,0,1,0,0
2019-04-03,8:00,2019-04-03 08:00,3,8,2,4,93,3,14,28,Fair,0.84,5.00,29.90,NO,NO,1,0,0,0,0
2019-04-03,9:00,2019-04-03 09:00,3,9,2,4,93,3,14,29,Fair,0.79,7.00,29.93,NO,YES,2,0,0,0,0
2019-04-03,10:00,2019-04-03 10:00,3,10,2,4,93,3,14,31,Fair,0.70,5.00,29.93,NO,YES,1,0,0,0,0
2019-04-03,11:00,2019-04-03 11:00,3,11,2,4,93,3,14,33,Fair,0.63,9.00,29.90,NO,YES,1,0,0,0,0
2019-04-03,12:00,2019-04-03 12:00,3,12,2,4,93,3,14,34,Fair,0.56,7.00,29.87,YES,NO,1,0,0,0,0
2019-04-03,13:00,2019-04-03 13:00,3,13,2,4,93,3,14,35,Partly Cloudy,0.56,12.00,29.84,NO,YES,0,1,0,1,1
2019-04-03,14:00,2019-04-03 14:00,3,14,2,4,93,3,14,35,Fair,0.53,10.00,29.81,NO,YES,0,0,0,0,0
2019-04-03,15:00,2019-04-03 15:00,3,15,2,4,93,3,14,35,Fair,0.53,9.00,29.76,NO,YES,0,0,1,0,0
2019-04-03,16:00,2019-04-03 16:00,3,16,2,4,93,3,14,36,Fair,0.47,9.00,29.76,NO,NO,0,1,0,0,0
2019-04-03,17:00,2019-04-03 17:00,3,17,2,4,93,3,14,33,Showers in the Vicinity,0.59,10.00,29.76,NO,NO,0,0,0,0,0
2019-04-03,18:00,2019-04-03 18:00,3,18,2,4,93,3,14,29,Showers in the Vicinity,0.70,12.00,29.81,NO,NO,0,0,0,0,0
2019-04-03,19:00,2019-04-03 19:00,3,19,2,4,93,3,14,28,Mostly Cloudy,0.74,16.00,29.84,NO,NO,0,0,0,0,0
2019-04-03,20:00,2019-04-03 20:00,3,20,2,4,93,3,14,28,Partly Cloudy,0.70,9.00,29.87,NO,NO,0,0,0,0,0
2019-04-04,7:00,2019-04-04 07:00,4,7,2,4,94,4,14,26,Fair,0.89,6.00,29.87,NO,NO,0,0,0,0,0
2019-04-04,8:00,2019-04-04 08:00,4,8,2,4,94,4,14,28,Mostly Cloudy,0.79,6.00,29.90,NO,NO,3,0,0,0,0
2019-04-04,9:00,2019-04-04 09:00,4,9,2,4,94,4,14,29,Mostly Cloudy,0.79,5.00,29.93,NO,YES,1,0,0,0,0
2019-04-04,10:00,2019-04-04 10:00,4,10,2,4,94,4,14,32,Partly Cloudy,0.66,5.00,29.93,NO,YES,0,0,0,0,1
2019-04-04,11:00,2019-04-04 11:00,4,11,2,4,94,4,14,34,Fair,0.52,8.00,29.93,NO,YES,0,0,0,0,0
2019-04-04,12:00,2019-04-04 12:00,4,12,2,4,94,4,14,35,Fair,0.44,7.00,29.90,YES,NO,0,0,0,0,0
2019-04-04,13:00,2019-04-04 13:00,4,13,2,4,94,4,14,36,Fair,0.41,7.00,29.84,NO,YES,0,0,0,0,0
2019-04-04,14:00,2019-04-04 14:00,4,14,2,4,94,4,14,36,Fair,0.39,7.00,29.81,NO,YES,0,0,0,0,0
2019-04-04,15:00,2019-04-04 15:00,4,15,2,4,94,4,14,36,Fair,0.37,10.00,29.79,NO,YES,0,0,0,2,1
2019-04-04,16:00,2019-04-04 16:00,4,16,2,4,94,4,14,36,Fair,0.32,9.00,29.76,NO,NO,1,1,0,2,0
2019-04-04,17:00,2019-04-04 17:00,4,17,2,4,94,4,14,35,Fair,0.30,12.00,29.76,NO,NO,0,0,0,0,0
2019-04-04,18:00,2019-04-04 18:00,4,18,2,4,94,4,14,33,Fair,0.28,9.00,29.79,NO,NO,1,0,0,0,0
2019-04-04,19:00,2019-04-04 19:00,4,19,2,4,94,4,14,32,Fair,0.43,9.00,29.79,NO,NO,0,0,0,0,0
2019-04-04,20:00,2019-04-04 20:00,4,20,2,4,94,4,14,30,Fair,0.66,8.00,29.81,NO,NO,0,0,0,0,0
2019-04-05,7:00,2019-04-05 07:00,5,7,2,4,95,5,14,28,Fair,0.84,6.00,29.87,NO,NO,0,0,0,0,0
2019-04-05,8:00,2019-04-05 08:00,5,8,2,4,95,5,14,29,Fair,0.79,6.00,29.87,NO,NO,2,0,0,0,0
2019-04-05,9:00,2019-04-05 09:00,5,9,2,4,95,5,14,31,Fair,0.70,7.00,29.90,NO,YES,1,0,0,0,0
2019-04-05,10:00,2019-04-05 10:00,5,10,2,4,95,5,14,33,Fair,0.59,8.00,29.90,NO,YES,0,0,0,0,0
2019-04-05,11:00,2019-04-05 11:00,5,11,2,4,95,5,14,35,Fair,0.49,7.00,29.90,NO,YES,0,0,0,0,0
2019-04-05,12:00,2019-04-05 12:00,5,12,2,4,95,5,14,34,Fair,0.56,7.00,29.87,YES,NO,0,0,0,0,0
2019-04-05,13:00,2019-04-05 13:00,5,13,2,4,95,5,14,36,Fair,0.50,10.00,29.84,NO,YES,0,0,0,3,0
2019-04-05,14:00,2019-04-05 14:00,5,14,2,4,95,5,14,36,Fair,0.47,10.00,29.81,NO,YES,0,0,0,0,0
2019-04-05,15:00,2019-04-05 15:00,5,15,2,4,95,5,14,36,Fair,0.47,10.00,29.76,NO,YES,0,0,0,1,0
2019-04-05,16:00,2019-04-05 16:00,5,16,2,4,95,5,14,36,Fair,0.44,8.00,29.76,NO,NO,0,1,0,0,0
2019-04-05,17:00,2019-04-05 17:00,5,17,2,4,95,5,14,35,Fair,0.44,9.00,29.73,NO,NO,0,0,1,0,1
2019-04-05,18:00,2019-04-05 18:00,5,18,2,4,95,5,14,33,Fair,0.55,13.00,29.76,NO,NO,0,0,0,0,0
2019-04-05,19:00,2019-04-05 19:00,5,19,2,4,95,5,14,31,Fair,0.55,13.00,29.81,NO,NO,0,0,0,0,0
2019-04-05,20:00,2019-04-05 20:00,5,20,2,4,95,5,14,31,Fair,0.62,9.00,29.84,NO,NO,0,0,0,0,0
2019-04-09,7:00,2019-04-09 07:00,2,7,2,4,99,9,15,28,Fair,0.89,5.00,29.81,NO,NO,0,0,1,0,0
2019-04-09,8:00,2019-04-09 08:00,2,8,2,4,99,9,15,30,Fair,0.84,5.00,29.84,NO,NO,1,0,1,0,0
2019-04-09,9:00,2019-04-09 09:00,2,9,2,4,99,9,15,33,Partly Cloudy,0.66,10.00,29.84,NO,YES,1,0,0,0,0
2019-04-09,10:00,2019-04-09 10:00,2,10,2,4,99,9,15,34,Partly Cloudy,0.63,10.00,29.84,NO,YES,0,0,0,0,0
2019-04-09,11:00,2019-04-09 11:00,2,11,2,4,99,9,15,35,Partly Cloudy,0.56,8.00,29.84,NO,YES,1,0,0,0,0
2019-04-09,12:00,2019-04-09 12:00,2,12,2,4,99,9,15,35,Partly Cloudy,0.56,8.00,29.81,YES,NO,1,0,0,0,0
2019-04-09,13:00,2019-04-09 13:00,2,13,2,4,99,9,15,36,Partly Cloudy,0.53,8.00,29.79,NO,YES,0,1,0,0,0
2019-04-09,14:00,2019-04-09 14:00,2,14,2,4,99,9,15,37,Partly Cloudy,0.47,10.00,29.76,NO,YES,0,0,0,0,0
2019-04-09,15:00,2019-04-09 15:00,2,15,2,4,99,9,15,36,Partly Cloudy,0.50,8.00,29.73,NO,YES,0,2,0,0,1
2019-04-09,16:00,2019-04-09 16:00,2,16,2,4,99,9,15,37,Partly Cloudy,0.47,9.00,29.70,NO,NO,0,0,0,0,0
2019-04-09,17:00,2019-04-09 17:00,2,17,2,4,99,9,15,36,Fair,0.47,9.00,29.70,NO,NO,0,0,0,0,0
2019-04-09,18:00,2019-04-09 18:00,2,18,2,4,99,9,15,34,Fair,0.52,7.00,29.73,NO,NO,0,1,0,0,0
2019-04-09,19:00,2019-04-09 19:00,2,19,2,4,99,9,15,32,Fair,0.66,9.00,29.73,NO,NO,0,0,0,0,0
2019-04-09,20:00,2019-04-09 20:00,2,20,2,4,99,9,15,31,Fair,0.70,13.00,29.79,NO,NO,0,0,0,0,0
2019-04-10,7:00,2019-04-10 07:00,3,7,2,4,100,10,15,30,Fair,0.79,6.00,29.84,NO,NO,1,0,1,0,0
2019-04-10,8:00,2019-04-10 08:00,3,8,2,4,100,10,15,31,Fair,0.75,10.00,29.84,NO,NO,1,0,0,0,0
2019-04-10,9:00,2019-04-10 09:00,3,9,2,4,100,10,15,33,Fair,0.66,10.00,29.87,NO,YES,1,0,0,0,0
2019-04-10,10:00,2019-04-10 10:00,3,10,2,4,100,10,15,34,Fair,0.63,10.00,29.87,NO,YES,0,0,0,1,0
2019-04-10,11:00,2019-04-10 11:00,3,11,2,4,100,10,15,35,Fair,0.59,7.00,29.84,NO,YES,0,1,0,0,0
2019-04-10,12:00,2019-04-10 12:00,3,12,2,4,100,10,15,35,Partly Cloudy,0.56,9.00,29.81,YES,NO,1,0,0,0,0
2019-04-10,13:00,2019-04-10 13:00,3,13,2,4,100,10,15,36,Partly Cloudy,0.53,9.00,29.79,NO,YES,0,1,0,1,0
2019-04-10,14:00,2019-04-10 14:00,3,14,2,4,100,10,15,37,Fair,0.47,9.00,29.76,NO,YES,0,0,0,0,2
2019-04-10,15:00,2019-04-10 15:00,3,15,2,4,100,10,15,37,Partly Cloudy,0.47,9.00,29.73,NO,YES,0,0,0,0,0
2019-04-10,16:00,2019-04-10 16:00,3,16,2,4,100,10,15,37,Fair,0.47,10.00,29.70,NO,NO,0,1,0,1,0
2019-04-10,17:00,2019-04-10 17:00,3,17,2,4,100,10,15,36,Fair,0.47,7.00,29.70,NO,NO,0,1,1,0,0
2019-04-10,18:00,2019-04-10 18:00,3,18,2,4,100,10,15,35,Fair,0.49,10.00,29.70,NO,NO,0,1,0,0,0
2019-04-10,19:00,2019-04-10 19:00,3,19,2,4,100,10,15,33,Fair,0.59,10.00,29.70,NO,NO,0,0,0,0,0
2019-04-10,20:00,2019-04-10 20:00,3,20,2,4,100,10,15,32,Fair,0.66,8.00,29.73,NO,NO,0,0,0,0,0
2019-04-11,7:00,2019-04-11 07:00,4,7,2,4,101,11,15,30,Fair,0.79,7.00,29.79,NO,NO,0,0,0,0,0
2019-04-11,8:00,2019-04-11 08:00,4,8,2,4,101,11,15,31,Partly Cloudy,0.75,10.00,29.81,NO,NO,1,0,0,0,0
2019-04-11,9:00,2019-04-11 09:00,4,9,2,4,101,11,15,32,Partly Cloudy,0.70,10.00,29.81,NO,YES,1,0,0,0,0
2019-04-11,10:00,2019-04-11 10:00,4,10,2,4,101,11,15,34,Partly Cloudy,0.63,13.00,29.81,NO,YES,2,0,0,0,0
2019-04-11,11:00,2019-04-11 11:00,4,11,2,4,101,11,15,35,Fair,0.59,10.00,29.79,NO,YES,0,0,0,0,0
2019-04-11,12:00,2019-04-11 12:00,4,12,2,4,101,11,15,35,Partly Cloudy,0.59,10.00,29.79,YES,NO,0,0,0,0,0
2019-04-11,13:00,2019-04-11 13:00,4,13,2,4,101,11,15,36,Fair,0.53,12.00,29.76,NO,YES,0,0,0,0,0
2019-04-11,14:00,2019-04-11 14:00,4,14,2,4,101,11,15,36,Fair,0.53,9.00,29.73,NO,YES,0,0,0,0,0
2019-04-11,15:00,2019-04-11 15:00,4,15,2,4,101,11,15,36,Fair,0.53,14.00,29.67,NO,YES,0,1,0,1,0
2019-04-11,16:00,2019-04-11 16:00,4,16,2,4,101,11,15,36,Fair,0.53,12.00,29.67,NO,NO,0,2,0,1,1
2019-04-11,17:00,2019-04-11 17:00,4,17,2,4,101,11,15,35,Fair,0.49,10.00,29.67,NO,NO,0,0,0,0,0
2019-04-11,18:00,2019-04-11 18:00,4,18,2,4,101,11,15,34,Fair,0.56,12.00,29.67,NO,NO,0,0,0,0,0
2019-04-11,19:00,2019-04-11 19:00,4,19,2,4,101,11,15,33,Fair,0.59,9.00,29.70,NO,NO,0,0,0,0,0
2019-04-11,20:00,2019-04-11 20:00,4,20,2,4,101,11,15,31,Fair,0.70,8.00,29.70,NO,NO,0,0,0,0,0
2019-04-17,7:00,2019-04-17 07:00,3,7,2,4,107,17,16,30,Fair,0.84,6.00,29.81,NO,NO,0,0,2,0,0
2019-04-17,8:00,2019-04-17 08:00,3,8,2,4,107,17,16,32,Partly Cloudy,0.75,9.00,29.81,NO,NO,0,0,0,0,0
2019-04-17,9:00,2019-04-17 09:00,3,9,2,4,107,17,16,33,Fair,0.66,9.00,29.84,NO,YES,2,0,0,0,0
2019-04-17,10:00,2019-04-17 10:00,3,10,2,4,107,17,16,35,Partly Cloudy,0.59,10.00,29.84,NO,YES,0,0,0,0,0
2019-04-17,11:00,2019-04-17 11:00,3,11,2,4,107,17,16,35,Fair,0.59,12.00,29.84,NO,YES,0,0,0,0,0
2019-04-17,12:00,2019-04-17 12:00,3,12,2,4,107,17,16,38,Fair,0.44,13.00,29.81,YES,NO,0,0,0,0,0
2019-04-17,13:00,2019-04-17 13:00,3,13,2,4,107,17,16,37,Fair,0.47,12.00,29.81,NO,YES,1,0,0,1,0
2019-04-17,14:00,2019-04-17 14:00,3,14,2,4,107,17,16,37,Fair,0.50,12.00,29.76,NO,YES,0,0,0,0,0
2019-04-17,15:00,2019-04-17 15:00,3,15,2,4,107,17,16,37,Fair,0.47,10.00,29.73,NO,YES,0,1,0,0,0
2019-04-17,16:00,2019-04-17 16:00,3,16,2,4,107,17,16,37,Fair,0.44,10.00,29.70,NO,NO,0,0,0,0,0
2019-04-17,17:00,2019-04-17 17:00,3,17,2,4,107,17,16,37,Fair,0.39,8.00,29.70,NO,NO,0,0,0,0,0
2019-04-17,18:00,2019-04-17 18:00,3,18,2,4,107,17,16,36,Fair,0.37,8.00,29.70,NO,NO,0,0,0,0,0
2019-04-17,19:00,2019-04-17 19:00,3,19,2,4,107,17,16,35,Fair,0.41,9.00,29.70,NO,NO,0,0,0,0,0
2019-04-17,20:00,2019-04-17 20:00,3,20,2,4,107,17,16,33,Fair,0.59,10.00,29.73,NO,NO,0,0,0,0,0
2019-04-18,7:00,2019-04-18 07:00,4,7,2,4,108,18,16,31,Fair,0.79,7.00,29.79,NO,NO,0,0,0,0,0
2019-04-18,8:00,2019-04-18 08:00,4,8,2,4,108,18,16,32,Fair,0.79,8.00,29.81,NO,NO,2,0,0,0,0
2019-04-18,9:00,2019-04-18 09:00,4,9,2,4,108,18,16,34,Fair,0.67,7.00,29.81,NO,YES,0,0,0,0,0
2019-04-18,10:00,2019-04-18 10:00,4,10,2,4,108,18,16,35,Partly Cloudy,0.63,6.00,29.81,NO,YES,1,0,0,0,0
2019-04-18,11:00,2019-04-18 11:00,4,11,2,4,108,18,16,36,Partly Cloudy,0.56,5.00,29.81,NO,YES,0,0,0,0,0
2019-04-18,12:00,2019-04-18 12:00,4,12,2,4,108,18,16,37,Partly Cloudy,0.56,8.00,29.79,YES,NO,0,1,0,0,0
2019-04-18,13:00,2019-04-18 13:00,4,13,2,4,108,18,16,37,Partly Cloudy,0.56,13.00,29.76,NO,YES,0,0,0,0,0
2019-04-18,14:00,2019-04-18 14:00,4,14,2,4,108,18,16,37,Partly Cloudy,0.56,12.00,29.70,NO,YES,0,0,0,0,0
2019-04-18,15:00,2019-04-18 15:00,4,15,2,4,108,18,16,37,Fair,0.56,10.00,29.67,NO,YES,0,0,0,0,0
2019-04-18,16:00,2019-04-18 16:00,4,16,2,4,108,18,16,37,Fair,0.56,10.00,29.67,NO,NO,0,2,1,1,1
2019-04-18,17:00,2019-04-18 17:00,4,17,2,4,108,18,16,36,Fair,0.56,12.00,29.67,NO,NO,0,0,0,0,0
2019-04-18,18:00,2019-04-18 18:00,4,18,2,4,108,18,16,35,Fair,0.59,12.00,29.67,NO,NO,0,0,0,0,0
2019-04-18,19:00,2019-04-18 19:00,4,19,2,4,108,18,16,33,Fair,0.66,12.00,29.70,NO,NO,0,0,0,0,0
2019-04-18,20:00,2019-04-18 20:00,4,20,2,4,108,18,16,32,Fair,0.75,15.00,29.73,NO,NO,0,0,0,0,0
2019-04-19,7:00,2019-04-19 07:00,5,7,2,4,109,19,16,30,Fair,0.84,5.00,29.73,NO,NO,0,0,0,0,0
2019-04-19,8:00,2019-04-19 08:00,5,8,2,4,109,19,16,32,Fair,0.75,10.00,29.76,NO,NO,1,0,0,0,0
2019-04-19,9:00,2019-04-19 09:00,5,9,2,4,109,19,16,33,Fair,0.66,10.00,29.79,NO,YES,3,0,0,0,0
2019-04-19,10:00,2019-04-19 10:00,5,10,2,4,109,19,16,35,Fair,0.56,8.00,29.79,NO,YES,0,1,1,0,0
2019-04-19,11:00,2019-04-19 11:00,5,11,2,4,109,19,16,36,Fair,0.53,8.00,29.79,NO,YES,0,0,0,0,0
2019-04-19,12:00,2019-04-19 12:00,5,12,2,4,109,19,16,37,Fair,0.50,10.00,29.76,YES,NO,0,0,1,0,0
2019-04-19,13:00,2019-04-19 13:00,5,13,2,4,109,19,16,37,Partly Cloudy,0.50,10.00,29.73,NO,YES,0,1,0,0,0
2019-04-19,14:00,2019-04-19 14:00,5,14,2,4,109,19,16,37,Partly Cloudy,0.47,8.00,29.70,NO,YES,0,1,0,0,0
2019-04-19,15:00,2019-04-19 15:00,5,15,2,4,109,19,16,38,Fair,0.44,9.00,29.67,NO,YES,0,1,0,0,0
2019-04-19,16:00,2019-04-19 16:00,5,16,2,4,109,19,16,37,Fair,0.47,12.00,29.64,NO,NO,0,0,0,0,0
2019-04-19,17:00,2019-04-19 17:00,5,17,2,4,109,19,16,36,Fair,0.47,9.00,29.61,NO,NO,1,0,0,0,0
2019-04-19,18:00,2019-04-19 18:00,5,18,2,4,109,19,16,35,Fair,0.53,9.00,29.64,NO,NO,0,0,0,0,0
2019-04-19,19:00,2019-04-19 19:00,5,19,2,4,109,19,16,33,Fair,0.63,13.00,29.67,NO,NO,0,0,0,0,0
2019-04-19,20:00,2019-04-19 20:00,5,20,2,4,109,19,16,32,Fair,0.66,14.00,29.70,NO,NO,0,0,0,0,0
2019-04-22,7:00,2019-04-22 07:00,1,7,2,4,112,22,17,31,Partly Cloudy,0.79,8.00,29.70,NO,NO,0,0,0,0,0
2019-04-22,8:00,2019-04-22 08:00,1,8,2,4,112,22,17,32,Fair,0.70,9.00,29.73,NO,NO,1,0,0,0,0
2019-04-22,9:00,2019-04-22 09:00,1,9,2,4,112,22,17,34,Partly Cloudy,0.63,12.00,29.73,NO,YES,1,0,1,0,0
2019-04-22,10:00,2019-04-22 10:00,1,10,2,4,112,22,17,35,Partly Cloudy,0.59,14.00,29.76,NO,YES,0,0,1,0,0
2019-04-22,11:00,2019-04-22 11:00,1,11,2,4,112,22,17,35,Partly Cloudy,0.59,13.00,29.73,NO,YES,0,0,0,0,0
2019-04-22,12:00,2019-04-22 12:00,1,12,2,4,112,22,17,37,Partly Cloudy,0.50,13.00,29.73,YES,NO,0,0,0,0,0
2019-04-22,13:00,2019-04-22 13:00,1,13,2,4,112,22,17,37,Partly Cloudy,0.53,13.00,29.70,NO,YES,0,1,0,0,0
2019-04-22,14:00,2019-04-22 14:00,1,14,2,4,112,22,17,37,Partly Cloudy,0.50,16.00,29.67,NO,YES,0,0,0,0,0
2019-04-22,15:00,2019-04-22 15:00,1,15,2,4,112,22,17,36,Partly Cloudy,0.53,12.00,29.61,NO,YES,0,1,0,0,1
2019-04-22,16:00,2019-04-22 16:00,1,16,2,4,112,22,17,36,Fair,0.50,12.00,29.61,NO,NO,0,0,0,0,2
2019-04-22,17:00,2019-04-22 17:00,1,17,2,4,112,22,17,35,Fair,0.56,13.00,29.64,NO,NO,0,0,0,1,0
2019-04-22,18:00,2019-04-22 18:00,1,18,2,4,112,22,17,33,Fair,0.66,13.00,29.67,NO,NO,0,0,0,0,0
2019-04-22,19:00,2019-04-22 19:00,1,19,2,4,112,22,17,32,Fair,0.70,12.00,29.67,NO,NO,0,0,0,0,0
2019-04-22,20:00,2019-04-22 20:00,1,20,2,4,112,22,17,32,Fair,0.70,13.00,29.70,NO,NO,0,0,0,0,0
2019-04-23,7:00,2019-04-23 07:00,2,7,2,4,113,23,17,26,Fair,0.94,3.00,29.79,NO,NO,1,0,0,0,0
2019-04-23,8:00,2019-04-23 08:00,2,8,2,4,113,23,17,27,Fair,0.89,2.00,29.81,NO,NO,1,0,1,0,0
2019-04-23,9:00,2019-04-23 09:00,2,9,2,4,113,23,17,29,Fair,0.79,2.00,29.81,NO,YES,1,0,0,0,0
2019-04-23,10:00,2019-04-23 10:00,2,10,2,4,113,23,17,32,Fair,0.66,6.00,29.81,NO,YES,0,0,0,0,0
2019-04-23,11:00,2019-04-23 11:00,2,11,2,4,113,23,17,34,Fair,0.59,7.00,29.81,NO,YES,1,0,0,0,0
2019-04-23,12:00,2019-04-23 12:00,2,12,2,4,113,23,17,36,Fair,0.53,8.00,29.79,YES,NO,0,0,0,0,0
2019-04-23,13:00,2019-04-23 13:00,2,13,2,4,113,23,17,35,Fair,0.56,8.00,29.76,NO,YES,0,0,0,0,0
2019-04-23,14:00,2019-04-23 14:00,2,14,2,4,113,23,17,37,Fair,0.50,6.00,29.73,NO,YES,0,0,0,0,0
2019-04-23,15:00,2019-04-23 15:00,2,15,2,4,113,23,17,37,Partly Cloudy,0.47,10.00,29.73,NO,YES,0,0,0,2,0
2019-04-23,16:00,2019-04-23 16:00,2,16,2,4,113,23,17,37,Fair,0.44,9.00,29.70,NO,NO,0,0,0,0,0
2019-04-23,17:00,2019-04-23 17:00,2,17,2,4,113,23,17,37,Fair,0.44,5.00,29.67,NO,NO,0,0,0,0,1
2019-04-23,18:00,2019-04-23 18:00,2,18,2,4,113,23,17,35,Fair,0.53,8.00,29.70,NO,NO,0,1,0,0,0
2019-04-23,19:00,2019-04-23 19:00,2,19,2,4,113,23,17,33,Fair,0.63,9.00,29.70,NO,NO,0,0,0,0,0
2019-04-23,20:00,2019-04-23 20:00,2,20,2,4,113,23,17,32,Fair,0.66,9.00,29.73,NO,NO,0,0,0,0,0
2019-04-24,7:00,2019-04-24 07:00,3,7,2,4,114,24,17,30,Fair,0.79,3.00,29.79,NO,NO,0,0,0,0,0
2019-04-24,8:00,2019-04-24 08:00,3,8,2,4,114,24,17,32,Fair,0.70,3.00,29.81,NO,NO,0,0,0,0,0
2019-04-24,9:00,2019-04-24 09:00,3,9,2,4,114,24,17,34,Fair,0.59,5.00,29.84,NO,YES,1,0,0,0,0
2019-04-24,10:00,2019-04-24 10:00,3,10,2,4,114,24,17,35,Fair,0.53,5.00,29.81,NO,YES,1,0,0,0,0
2019-04-24,11:00,2019-04-24 11:00,3,11,2,4,114,24,17,36,Fair,0.50,3.00,29.81,NO,YES,1,0,1,0,0
2019-04-24,12:00,2019-04-24 12:00,3,12,2,4,114,24,17,37,Partly Cloudy,0.47,5.00,29.79,YES,NO,1,1,0,0,0
2019-04-24,13:00,2019-04-24 13:00,3,13,2,4,114,24,17,37,Partly Cloudy,0.44,3.00,29.76,NO,YES,1,0,0,0,0
2019-04-24,14:00,2019-04-24 14:00,3,14,2,4,114,24,17,37,Partly Cloudy,0.44,3.00,29.73,NO,YES,0,0,0,0,0
2019-04-24,15:00,2019-04-24 15:00,3,15,2,4,114,24,17,38,Fair,0.42,6.00,29.70,NO,YES,0,0,0,0,0
2019-04-24,16:00,2019-04-24 16:00,3,16,2,4,114,24,17,38,Fair,0.44,9.00,29.67,NO,NO,0,1,0,0,0
2019-04-24,17:00,2019-04-24 17:00,3,17,2,4,114,24,17,35,Fair,0.53,10.00,29.67,NO,NO,0,0,0,0,0
2019-04-24,18:00,2019-04-24 18:00,3,18,2,4,114,24,17,35,Fair,0.53,10.00,29.67,NO,NO,0,1,0,0,0
2019-04-24,19:00,2019-04-24 19:00,3,19,2,4,114,24,17,34,Fair,0.56,10.00,29.70,NO,NO,0,0,0,0,0
2019-04-24,20:00,2019-04-24 20:00,3,20,2,4,114,24,17,33,Fair,0.59,8.00,29.70,NO,NO,0,0,0,0,0
2019-04-25,7:00,2019-04-25 07:00,4,7,2,4,115,25,17,31,Fair,0.84,6.00,29.76,NO,NO,0,0,0,0,0
2019-04-25,8:00,2019-04-25 08:00,4,8,2,4,115,25,17,32,Fair,0.75,8.00,29.79,NO,NO,0,0,1,0,0
2019-04-25,9:00,2019-04-25 09:00,4,9,2,4,115,25,17,34,Fair,0.63,8.00,29.79,NO,YES,1,0,0,0,0
2019-04-25,10:00,2019-04-25 10:00,4,10,2,4,115,25,17,35,Fair,0.56,7.00,29.79,NO,YES,0,0,0,0,0
2019-04-25,11:00,2019-04-25 11:00,4,11,2,4,115,25,17,36,Partly Cloudy,0.53,8.00,29.79,NO,YES,1,0,1,1,1
2019-04-25,12:00,2019-04-25 12:00,4,12,2,4,115,25,17,38,Partly Cloudy,0.44,8.00,29.76,YES,NO,0,1,0,0,0
2019-04-25,13:00,2019-04-25 13:00,4,13,2,4,115,25,17,38,Partly Cloudy,0.47,9.00,29.73,NO,YES,0,1,1,0,0
2019-04-25,14:00,2019-04-25 14:00,4,14,2,4,115,25,17,27,T-Storm / Windy,0.84,24.00,29.70,NO,YES,0,0,0,0,1
2019-04-25,15:00,2019-04-25 15:00,4,15,2,4,115,25,17,25,T-Storm,0.89,14.00,29.73,NO,YES,0,2,0,0,0
2019-04-25,16:00,2019-04-25 16:00,4,16,2,4,115,25,17,29,Partly Cloudy,0.70,3.00,29.67,NO,NO,0,1,0,0,0
2019-04-25,17:00,2019-04-25 17:00,4,17,2,4,115,25,17,32,Fair,0.70,7.00,29.64,NO,NO,0,1,0,0,0
2019-04-25,18:00,2019-04-25 18:00,4,18,2,4,115,25,17,34,Fair,0.56,7.00,29.70,NO,NO,0,0,0,0,0
2019-04-25,19:00,2019-04-25 19:00,4,19,2,4,115,25,17,32,Fair,0.66,6.00,29.67,NO,NO,0,0,0,0,0
2019-04-25,20:00,2019-04-25 20:00,4,20,2,4,115,25,17,31,Fair,0.75,9.00,29.70,NO,NO,0,0,0,0,0
2019-04-26,7:00,2019-04-26 07:00,5,7,2,4,116,26,17,28,Fair,0.89,6.00,29.73,NO,NO,1,0,0,0,0
2019-04-26,8:00,2019-04-26 08:00,5,8,2,4,116,26,17,30,Fair,0.79,5.00,29.76,NO,NO,2,0,0,0,0
2019-04-26,9:00,2019-04-26 09:00,5,9,2,4,116,26,17,32,Fair,0.75,5.00,29.76,NO,YES,1,0,0,0,0
2019-04-26,10:00,2019-04-26 10:00,5,10,2,4,116,26,17,34,Fair,0.67,3.00,29.76,NO,YES,0,0,0,0,0
2019-04-26,11:00,2019-04-26 11:00,5,11,2,4,116,26,17,36,Fair,0.56,3.00,29.76,NO,YES,0,0,1,0,0
2019-04-26,12:00,2019-04-26 12:00,5,12,2,4,116,26,17,36,Partly Cloudy,0.53,2.00,29.73,YES,NO,1,0,0,1,0
2019-04-26,13:00,2019-04-26 13:00,5,13,2,4,116,26,17,38,Partly Cloudy,0.50,5.00,29.70,NO,YES,0,0,2,0,0
2019-04-26,14:00,2019-04-26 14:00,5,14,2,4,116,26,17,36,Light Rain with Thunder,0.56,8.00,29.67,NO,YES,0,0,0,0,0
2019-04-26,15:00,2019-04-26 15:00,5,15,2,4,116,26,17,29,T-Storm,0.74,14.00,29.67,NO,YES,0,0,0,1,0
2019-04-26,16:00,2019-04-26 16:00,5,16,2,4,116,26,17,29,Partly Cloudy,0.74,10.00,29.67,NO,NO,0,0,0,0,0
2019-04-26,17:00,2019-04-26 17:00,5,17,2,4,116,26,17,30,Partly Cloudy,0.62,5.00,29.67,NO,NO,0,0,0,0,0
2019-04-26,18:00,2019-04-26 18:00,5,18,2,4,116,26,17,31,Fair,0.62,8.00,29.70,NO,NO,0,0,0,0,0
2019-04-26,19:00,2019-04-26 19:00,5,19,2,4,116,26,17,29,Fair,0.74,6.00,29.70,NO,NO,0,0,0,0,0
2019-04-26,20:00,2019-04-26 20:00,5,20,2,4,116,26,17,29,Fair,0.74,3.00,29.70,NO,NO,0,0,0,0,0
2019-04-29,7:00,2019-04-29 07:00,1,7,2,4,119,29,18,29,Fair,0.84,5.00,29.79,NO,NO,0,0,1,0,0
2019-04-29,8:00,2019-04-29 08:00,1,8,2,4,119,29,18,30,Fair,0.84,3.00,29.81,NO,NO,0,0,0,0,0
2019-04-29,9:00,2019-04-29 09:00,1,9,2,4,119,29,18,33,Partly Cloudy,0.71,2.00,29.84,NO,YES,1,0,0,0,0
2019-04-29,10:00,2019-04-29 10:00,1,10,2,4,119,29,18,34,Partly Cloudy,0.63,7.00,29.84,NO,YES,0,0,0,0,0
2019-04-29,11:00,2019-04-29 11:00,1,11,2,4,119,29,18,36,Partly Cloudy,0.56,7.00,29.81,NO,YES,1,0,0,0,0
2019-04-29,12:00,2019-04-29 12:00,1,12,2,4,119,29,18,35,Partly Cloudy,0.59,8.00,29.79,YES,NO,0,0,1,0,0
2019-04-29,13:00,2019-04-29 13:00,1,13,2,4,119,29,18,36,Mostly Cloudy,0.50,9.00,29.76,NO,YES,0,0,0,0,0
2019-04-29,14:00,2019-04-29 14:00,1,14,2,4,119,29,18,36,Partly Cloudy,0.53,13.00,29.73,NO,YES,1,0,0,0,0
2019-04-29,15:00,2019-04-29 15:00,1,15,2,4,119,29,18,37,Fair,0.47,10.00,29.70,NO,YES,1,2,0,0,0
2019-04-29,16:00,2019-04-29 16:00,1,16,2,4,119,29,18,36,Fair,0.50,9.00,29.67,NO,NO,0,1,0,2,1
2019-04-29,17:00,2019-04-29 17:00,1,17,2,4,119,29,18,35,Fair,0.56,14.00,29.67,NO,NO,0,0,0,1,0
2019-04-29,18:00,2019-04-29 18:00,1,18,2,4,119,29,18,34,Fair,0.59,14.00,29.70,NO,NO,0,0,0,0,0
2019-04-29,19:00,2019-04-29 19:00,1,19,2,4,119,29,18,33,Fair,0.63,13.00,29.73,NO,NO,0,0,0,0,0
2019-04-29,20:00,2019-04-29 20:00,1,20,2,4,119,29,18,32,Fair,0.66,14.00,29.76,NO,NO,0,0,0,0,0
2019-04-30,7:00,2019-04-30 07:00,2,7,2,4,120,30,18,31,Fair,0.79,2.00,29.79,NO,NO,0,0,0,0,0
2019-04-30,8:00,2019-04-30 08:00,2,8,2,4,120,30,18,32,Fair,0.75,0.00,29.81,NO,NO,0,0,0,0,0
2019-04-30,9:00,2019-04-30 09:00,2,9,2,4,120,30,18,33,Partly Cloudy,0.66,8.00,29.84,NO,YES,1,0,1,0,0
2019-04-30,10:00,2019-04-30 10:00,2,10,2,4,120,30,18,35,Partly Cloudy,0.56,9.00,29.81,NO,YES,1,0,0,0,0
2019-04-30,11:00,2019-04-30 11:00,2,11,2,4,120,30,18,36,Partly Cloudy,0.53,12.00,29.81,NO,YES,0,0,0,0,1
2019-04-30,12:00,2019-04-30 12:00,2,12,2,4,120,30,18,36,Partly Cloudy,0.50,13.00,29.79,YES,NO,4,0,0,0,1
2019-04-30,13:00,2019-04-30 13:00,2,13,2,4,120,30,18,36,Partly Cloudy,0.50,9.00,29.76,NO,YES,0,1,0,0,0
2019-04-30,14:00,2019-04-30 14:00,2,14,2,4,120,30,18,36,Partly Cloudy,0.50,12.00,29.73,NO,YES,0,0,0,0,0
2019-04-30,15:00,2019-04-30 15:00,2,15,2,4,120,30,18,37,Fair,0.47,10.00,29.70,NO,YES,0,0,0,0,0
2019-04-30,16:00,2019-04-30 16:00,2,16,2,4,120,30,18,36,Fair,0.47,12.00,29.67,NO,NO,0,0,0,1,1
2019-04-30,17:00,2019-04-30 17:00,2,17,2,4,120,30,18,36,Fair,0.44,12.00,29.67,NO,NO,0,0,0,0,0
2019-04-30,18:00,2019-04-30 18:00,2,18,2,4,120,30,18,34,Fair,0.49,13.00,29.67,NO,NO,0,0,0,0,0
2019-04-30,19:00,2019-04-30 19:00,2,19,2,4,120,30,18,33,Fair,0.59,13.00,29.73,NO,NO,0,0,0,0,0
2019-04-30,20:00,2019-04-30 20:00,2,20,2,4,120,30,18,32,Fair,0.70,13.00,29.76,NO,NO,0,0,0,0,0
2019-05-01,7:00,2019-05-01 07:00,3,7,2,5,121,1,18,29,Fair,0.74,6.00,29.79,NO,NO,0,0,0,0,0
2019-05-01,8:00,2019-05-01 08:00,3,8,2,5,121,1,18,31,Fair,0.66,10.00,29.81,NO,NO,2,0,0,0,0
2019-05-01,9:00,2019-05-01 09:00,3,9,2,5,121,1,18,32,Fair,0.62,13.00,29.81,NO,YES,0,0,0,0,0
2019-05-01,10:00,2019-05-01 10:00,3,10,2,5,121,1,18,34,Fair,0.56,12.00,29.81,NO,YES,1,0,0,0,0
2019-05-01,11:00,2019-05-01 11:00,3,11,2,5,121,1,18,35,Fair,0.56,10.00,29.81,NO,YES,0,0,0,0,1
2019-05-01,12:00,2019-05-01 12:00,3,12,2,5,121,1,18,35,Fair,0.53,10.00,29.79,YES,NO,2,1,0,1,0
2019-05-01,13:00,2019-05-01 13:00,3,13,2,5,121,1,18,36,Fair,0.50,9.00,29.73,NO,YES,0,0,0,0,0
2019-05-01,14:00,2019-05-01 14:00,3,14,2,5,121,1,18,37,Fair,0.47,8.00,29.70,NO,YES,0,0,0,0,0
2019-05-01,15:00,2019-05-01 15:00,3,15,2,5,121,1,18,37,Fair,0.44,9.00,29.67,NO,YES,0,1,0,0,0
2019-05-01,16:00,2019-05-01 16:00,3,16,2,5,121,1,18,38,Fair,0.39,9.00,29.64,NO,NO,0,0,0,0,1
2019-05-01,17:00,2019-05-01 17:00,3,17,2,5,121,1,18,37,Fair,0.44,9.00,29.64,NO,NO,0,0,0,0,0
2019-05-01,18:00,2019-05-01 18:00,3,18,2,5,121,1,18,37,Fair,0.42,7.00,29.67,NO,NO,0,0,0,0,0
2019-05-01,19:00,2019-05-01 19:00,3,19,2,5,121,1,18,34,Fair,0.59,12.00,29.70,NO,NO,0,0,0,0,0
2019-05-01,20:00,2019-05-01 20:00,3,20,2,5,121,1,18,33,Fair,0.63,10.00,29.70,NO,NO,0,0,0,0,0
2019-05-02,7:00,2019-05-02 07:00,4,7,2,5,122,2,18,31,Fair,0.66,9.00,29.79,NO,NO,0,0,0,0,0
2019-05-02,8:00,2019-05-02 08:00,4,8,2,5,122,2,18,31,Fair,0.66,12.00,29.79,NO,NO,1,0,0,0,0
2019-05-02,9:00,2019-05-02 09:00,4,9,2,5,122,2,18,32,Fair,0.62,13.00,29.81,NO,YES,1,0,1,0,0
2019-05-02,10:00,2019-05-02 10:00,4,10,2,5,122,2,18,34,Fair,0.56,12.00,29.84,NO,YES,0,0,0,0,0
2019-05-02,11:00,2019-05-02 11:00,4,11,2,5,122,2,18,34,Fair,0.52,10.00,29.81,NO,YES,0,0,0,0,0
2019-05-02,12:00,2019-05-02 12:00,4,12,2,5,122,2,18,36,Fair,0.50,8.00,29.79,YES,NO,0,1,1,0,0
2019-05-02,13:00,2019-05-02 13:00,4,13,2,5,122,2,18,37,Fair,0.47,8.00,29.76,NO,YES,0,0,0,1,0
2019-05-02,14:00,2019-05-02 14:00,4,14,2,5,122,2,18,37,Partly Cloudy,0.44,10.00,29.73,NO,YES,0,2,0,0,0
2019-05-02,15:00,2019-05-02 15:00,4,15,2,5,122,2,18,38,Partly Cloudy,0.39,8.00,29.70,NO,YES,0,1,0,0,0
2019-05-02,16:00,2019-05-02 16:00,4,16,2,5,122,2,18,38,Partly Cloudy,0.39,7.00,29.67,NO,NO,0,0,0,0,0
2019-05-02,17:00,2019-05-02 17:00,4,17,2,5,122,2,18,38,Fair,0.37,5.00,29.67,NO,NO,0,0,0,0,0
2019-05-02,18:00,2019-05-02 18:00,4,18,2,5,122,2,18,37,Fair,0.39,7.00,29.67,NO,NO,0,0,0,0,0
2019-05-02,19:00,2019-05-02 19:00,4,19,2,5,122,2,18,35,Fair,0.53,8.00,29.67,NO,NO,0,0,0,0,0
2019-05-02,20:00,2019-05-02 20:00,4,20,2,5,122,2,18,34,Fair,0.59,8.00,29.70,NO,NO,0,0,0,0,0
2019-05-03,7:00,2019-05-03 07:00,5,7,2,5,123,3,18,32,Fair,0.70,6.00,29.79,NO,NO,0,0,0,0,0
2019-05-03,8:00,2019-05-03 08:00,5,8,2,5,123,3,18,33,Fair,0.59,7.00,29.81,NO,NO,0,0,0,0,0
2019-05-03,9:00,2019-05-03 09:00,5,9,2,5,123,3,18,34,Fair,0.56,8.00,29.84,NO,YES,2,0,0,0,0
2019-05-03,10:00,2019-05-03 10:00,5,10,2,5,123,3,18,36,Fair,0.50,7.00,29.81,NO,YES,1,0,0,0,0
2019-05-03,11:00,2019-05-03 11:00,5,11,2,5,123,3,18,36,Fair,0.50,9.00,29.81,NO,YES,0,0,0,0,0
2019-05-03,12:00,2019-05-03 12:00,5,12,2,5,123,3,18,36,Fair,0.50,7.00,29.79,YES,NO,0,0,1,0,0
2019-05-03,13:00,2019-05-03 13:00,5,13,2,5,123,3,18,37,Fair,0.47,7.00,29.76,NO,YES,0,0,0,0,0
2019-05-03,14:00,2019-05-03 14:00,5,14,2,5,123,3,18,37,Fair,0.44,5.00,29.73,NO,YES,0,0,0,0,0
2019-05-03,15:00,2019-05-03 15:00,5,15,2,5,123,3,18,37,Partly Cloudy,0.44,9.00,29.70,NO,YES,1,0,0,0,0
2019-05-03,16:00,2019-05-03 16:00,5,16,2,5,123,3,18,38,Partly Cloudy,0.44,7.00,29.67,NO,NO,0,1,0,0,0
2019-05-03,17:00,2019-05-03 17:00,5,17,2,5,123,3,18,36,Partly Cloudy,0.47,13.00,29.70,NO,NO,0,0,0,0,0
2019-05-03,18:00,2019-05-03 18:00,5,18,2,5,123,3,18,35,Partly Cloudy,0.49,10.00,29.70,NO,NO,0,0,0,0,1
2019-05-03,19:00,2019-05-03 19:00,5,19,2,5,123,3,18,34,Fair,0.56,12.00,29.73,NO,NO,0,0,0,0,0
2019-05-03,20:00,2019-05-03 20:00,5,20,2,5,123,3,18,33,Fair,0.63,13.00,29.76,NO,NO,0,0,0,0,0